order_id,account_id,company,status,currency,subtotal,tax,total,created_at
1,27611,"Boone, Gallagher and Scott",confirmed,GBP,3806.0,761.2,4567.2,2025-09-11T04:32:40.412092Z
2,17412,Miller and Sons,confirmed,USD,1.28,0.09,1.37,2025-09-11T04:32:40.431489Z
3,41190,"Stephens, Wood and Munoz",confirmed,USD,8758.1,613.07,9371.17,2025-09-11T04:32:40.477061Z
4,40939,Garcia-Foster,paid,EUR,0.28,0.06,0.34,2025-09-11T04:32:40.480997Z
5,91644,Harmon-Pope,invoiced,GBP,1791.0,358.2,2149.2,2025-09-11T04:32:40.377033Z
6,85211,Washington LLC,created,EUR,19176.19,3835.24,23011.43,2025-09-11T04:32:40.372037Z
7,52445,Foster Inc,created,EUR,1044.0,208.8,1252.8,2025-09-11T04:32:40.426690Z
8,39714,Rivers-Martinez,invoiced,EUR,7761.05,1552.21,9313.26,2025-09-11T04:32:40.382295Z
9,70687,"Brooks, Taylor and Delacruz",created,GBP,0.33,0.07,0.4,2025-09-11T04:32:40.440333Z
10,84894,Patterson PLC,paid,USD,9448.0,661.36,10109.36,2025-09-11T04:32:40.436011Z
11,69294,"Vincent, Harrington and Hayes",created,USD,0.3,0.02,0.32,2025-09-11T04:32:40.416654Z
12,72202,Sandoval-Estrada,invoiced,EUR,594.06,118.81,712.87,2025-09-11T04:32:40.421582Z
13,43948,Jennings-Sutton,invoiced,GBP,0.74,0.15,0.89,2025-09-11T04:32:40.664581Z
14,24002,"Park, Pearson and Bentley",confirmed,USD,1537.2,107.6,1644.8,2025-09-11T04:32:40.701179Z
15,37391,Boyd Inc,invoiced,USD,39951.31,2796.59,42747.9,2025-09-11T04:32:40.728449Z
16,57385,Castillo-Butler,paid,USD,0.95,0.07,1.02,2025-09-11T04:32:40.680061Z
17,78417,Roman-Horne,invoiced,USD,26367.0,1845.69,28212.69,2025-09-11T04:32:40.713504Z
18,33758,Stanley LLC,paid,USD,2986.48,209.05,3195.53,2025-09-11T04:32:40.758817Z
19,98752,Glover PLC,confirmed,EUR,995.78,199.16,1194.94,2025-09-11T04:32:41.352107Z
20,99948,Green Ltd,created,USD,0.57,0.04,0.61,2025-09-11T04:32:41.394704Z
21,31620,Norris-Reid,created,EUR,38858.0,7771.6,46629.6,2025-09-11T04:32:42.726994Z
22,28398,Johnson Group,invoiced,USD,7562.0,529.34,8091.34,2025-09-11T04:32:41.358073Z
23,47999,Smith LLC,invoiced,USD,9590.96,671.37,10262.33,2025-09-11T04:32:41.416319Z
24,60182,"White, Murillo and Lee",paid,GBP,27965.0,5593.0,33558.0,2025-09-11T04:32:42.454041Z
25,59409,Lewis LLC,confirmed,USD,1.8,0.13,1.93,2025-09-11T04:32:41.407405Z
26,36575,"Harris, Burke and Brown",paid,GBP,0.69,0.14,0.83,2025-09-11T04:32:42.714390Z
27,94999,Miles-Krueger,paid,EUR,6062.44,1212.49,7274.93,2025-09-11T04:32:41.401207Z
28,24805,"Anderson, Harper and Thompson",invoiced,EUR,14446.0,2889.2,17335.2,2025-09-11T04:32:41.314204Z
29,81843,Reed PLC,created,EUR,13134.2,2626.84,15761.04,2025-09-11T04:32:41.324935Z
30,80658,Carr-Howell,confirmed,GBP,1279.65,255.93,1535.58,2025-09-11T04:32:42.659489Z
31,11609,Rodriguez-Long,invoiced,GBP,21573.0,4314.6,25887.6,2025-09-11T04:32:41.568163Z
32,20147,Thomas Ltd,paid,USD,0.98,0.07,1.05,2025-09-11T04:32:41.648952Z
33,84754,Chen LLC,confirmed,USD,4033.0,282.31,4315.31,2025-09-11T04:32:41.663803Z
34,79328,Willis-Bridges,paid,EUR,32325.14,6465.03,38790.17,2025-09-11T04:32:41.711987Z
35,81918,Christensen-Burgess,confirmed,EUR,1.76,0.35,2.11,2025-09-11T04:32:41.627272Z
36,53083,Bird LLC,confirmed,GBP,1.1,0.22,1.32,2025-09-11T04:32:43.014792Z
37,99391,"Davis, Williamson and Wilkinson",created,EUR,49508.0,9901.6,59409.6,2025-09-11T04:32:42.210577Z
38,93817,Patterson-Ramsey,confirmed,GBP,0.39,0.08,0.47,2025-09-11T04:32:42.085197Z
39,37505,Cruz-Lee,confirmed,USD,23970.0,1677.9,25647.9,2025-09-11T04:32:42.133181Z
40,70110,"Humphrey, Johnson and Campbell",created,EUR,2079.0,415.8,2494.8,2025-09-11T04:32:43.420513Z
41,59941,Hall-Martin,confirmed,EUR,2.04,0.41,2.45,2025-09-11T04:32:42.122320Z
42,93810,Johnson LLC,created,EUR,31161.51,6232.3,37393.81,2025-09-11T04:32:42.141481Z
43,15053,Horton-Thomas,paid,USD,3.44,0.24,3.68,2025-09-11T04:32:42.206235Z
44,63547,"Weaver, Atkins and Thompson",created,EUR,17780.0,3556.0,21336.0,2025-09-11T04:32:42.236685Z
45,45635,Freeman-Miller,invoiced,GBP,611.5,122.3,733.8,2025-09-11T04:32:42.395579Z
46,20011,Williams-Matthews,paid,GBP,4356.48,871.3,5227.78,2025-09-11T04:32:42.367826Z
47,56117,Jordan Group,paid,EUR,783.61,156.72,940.33,2025-09-11T04:32:42.406586Z
48,81848,Anderson-Dawson,confirmed,GBP,0.37,0.07,0.44,2025-09-11T04:32:42.426486Z
49,18766,Gutierrez-Rodriguez,confirmed,GBP,31960.15,6392.03,38352.18,2025-09-11T04:32:42.499460Z
50,75213,Diaz-Macdonald,paid,EUR,39317.0,7863.4,47180.4,2025-09-11T04:32:42.512125Z
51,41918,"Tran, Sanchez and Chaney",invoiced,EUR,2871.0,574.2,3445.2,2025-09-11T04:32:42.664651Z
52,45168,Beard PLC,created,EUR,6368.55,1273.71,7642.26,2025-09-11T04:32:42.755049Z
53,90889,Bryant Ltd,invoiced,GBP,4378.0,875.6,5253.6,2025-09-11T04:32:42.720702Z
54,28019,Hawkins-Webb,paid,GBP,0.18,0.04,0.22,2025-09-11T04:32:42.708592Z
55,21841,Hernandez Ltd,created,USD,2677.19,187.4,2864.59,2025-09-11T04:32:43.261730Z
56,83368,Wells PLC,confirmed,EUR,0.08,0.02,0.1,2025-09-11T04:32:43.352816Z
57,15579,Lawrence-Smith,invoiced,GBP,991.46,198.29,1189.75,2025-09-11T04:32:43.269092Z
58,86121,Harris Ltd,confirmed,USD,1.52,0.11,1.63,2025-09-11T04:32:43.295804Z
59,39384,Cantu Group,created,EUR,5548.04,1109.61,6657.65,2025-09-11T04:32:43.329288Z
60,50344,Lane-Baker,created,GBP,0.66,0.13,0.79,2025-09-11T04:32:43.304596Z
61,74813,Hawkins LLC,confirmed,GBP,27968.72,5593.74,33562.46,2025-09-11T04:32:43.283981Z
62,85400,Brown and Sons,created,GBP,2204.0,440.8,2644.8,2025-09-11T04:32:43.312742Z
63,68345,Carter-Blankenship,invoiced,USD,3781.45,264.7,4046.15,2025-09-11T04:32:43.281058Z
64,72411,Mccoy Group,created,EUR,39950.0,7990.0,47940.0,2025-09-11T04:32:43.258964Z
65,64361,Roberts-Kirk,paid,GBP,2379.92,475.98,2855.9,2025-09-11T04:32:43.412344Z
66,19281,Hamilton-Sanchez,invoiced,USD,1305.0,91.35,1396.35,2025-09-11T04:32:43.561035Z
67,19803,Miranda Group,created,USD,6272.1,439.05,6711.15,2025-09-11T04:32:43.519858Z
68,71127,"Burgess, Odonnell and Rodriguez",created,EUR,4578.19,915.64,5493.83,2025-09-11T04:32:43.591672Z
69,99684,Davis and Sons,created,GBP,13333.33,2666.67,16000.0,2025-09-11T04:32:43.580977Z
70,25523,Warner-Cole,confirmed,USD,4997.76,349.84,5347.6,2025-09-11T04:32:43.638070Z
71,52434,"Harvey, Smith and Mcgrath",paid,EUR,21573.13,4314.63,25887.76,2025-09-11T04:32:43.621458Z
72,19624,"Rodgers, Lopez and Hale",confirmed,GBP,1.46,0.29,1.75,2025-09-11T04:32:43.614854Z
73,46675,Shaw PLC,confirmed,GBP,3.92,0.78,4.7,2025-09-11T04:32:44.358803Z
74,90035,"Camacho, Flores and Marsh",paid,USD,24959.16,1747.14,26706.3,2025-09-11T04:32:44.379144Z
75,69093,"Kim, Williams and Saunders",confirmed,USD,32946.0,2306.22,35252.22,2025-09-11T04:32:44.443716Z
76,58569,Clements-Gonzalez,invoiced,USD,1189.0,83.23,1272.23,2025-09-11T04:32:44.371175Z
77,43125,Gonzalez-Lee,created,EUR,1287.0,257.4,1544.4,2025-09-11T04:32:44.421335Z
78,34596,Evans Ltd,created,USD,10387.0,727.09,11114.09,2025-09-11T04:32:44.428190Z
79,29049,Bailey-Martin,confirmed,EUR,1.07,0.21,1.28,2025-09-11T04:32:44.434558Z
80,45584,Weaver-Erickson,invoiced,USD,594.05,41.58,635.63,2025-09-11T04:32:44.365905Z
81,76314,Morgan-Schmidt,paid,USD,7837.0,548.59,8385.59,2025-09-11T04:32:44.439232Z
82,28968,Lucero-Carter,paid,USD,3184.0,222.88,3406.88,2025-09-11T04:32:44.413847Z
83,75032,Davis-Gray,created,GBP,2787.34,557.47,3344.81,2025-09-11T04:32:45.713976Z
84,47170,Burns PLC,paid,EUR,0.09,0.02,0.11,2025-09-11T04:32:44.406619Z
85,36160,"Gilbert, Rodriguez and Stein",paid,EUR,40021.33,8004.27,48025.6,2025-09-11T04:32:44.687673Z
86,14067,"Monroe, Stewart and Smith",created,USD,0.44,0.03,0.47,2025-09-11T04:32:44.702529Z
87,29130,"Lopez, Combs and Fernandez",paid,USD,1.75,0.12,1.87,2025-09-11T04:32:45.832819Z
88,62099,Cook and Sons,confirmed,USD,1485.0,103.95,1588.95,2025-09-11T04:32:44.720351Z
89,20628,"Warner, Green and Cooper",invoiced,USD,39151.0,2740.57,41891.57,2025-09-11T04:32:44.728309Z
90,36695,"Davis, Keller and Willis",invoiced,EUR,4257.0,851.4,5108.4,2025-09-11T04:32:44.756715Z
91,20947,"Jackson, Sutton and Martin",invoiced,EUR,11188.85,2237.77,13426.62,2025-09-11T04:32:45.306187Z
92,65187,"Cunningham, Grant and Chapman",confirmed,EUR,8360.93,1672.19,10033.12,2025-09-11T04:32:45.317726Z
93,74795,"Sharp, Ware and Davis",invoiced,USD,4794.0,335.58,5129.58,2025-09-11T04:32:45.218242Z
94,81670,Martinez LLC,paid,GBP,0.33,0.07,0.4,2025-09-11T04:32:45.309512Z
95,79711,"Booker, Doyle and Bowers",paid,USD,2.74,0.19,2.93,2025-09-11T04:32:45.249725Z
96,58574,Velez-Foster,paid,EUR,0.33,0.07,0.4,2025-09-11T04:32:45.285961Z
97,35498,Shaffer-Watson,created,GBP,1.49,0.3,1.79,2025-09-11T04:32:45.280959Z
98,56713,"Guerra, Gomez and Brown",confirmed,GBP,26862.8,5372.56,32235.36,2025-09-11T04:32:45.268570Z
99,62950,Gonzalez-White,confirmed,USD,6768.5,473.8,7242.3,2025-09-11T04:32:45.313309Z
100,29093,Gibson-Townsend,invoiced,EUR,1590.2,318.04,1908.24,2025-09-11T04:32:45.273541Z
101,86172,Kerr PLC,created,GBP,11359.0,2271.8,13630.8,2025-09-11T04:32:45.426601Z
102,29421,"Gilbert, Jackson and Marquez",created,EUR,38353.68,7670.74,46024.42,2025-09-11T04:32:45.645964Z
103,69807,"Horton, Meyers and Norris",created,USD,1105.75,77.4,1183.15,2025-09-11T04:32:45.624924Z
104,12560,Dennis and Sons,created,EUR,493.0,98.6,591.6,2025-09-11T04:32:45.640476Z
105,87506,Carpenter-Rodriguez,confirmed,USD,9120.0,638.4,9758.4,2025-09-11T04:32:46.843782Z
106,72814,Peters PLC,paid,EUR,0.37,0.07,0.44,2025-09-11T04:32:48.393449Z
107,42306,"Perkins, Compton and Barrett",paid,EUR,14367.0,2873.4,17240.4,2025-09-11T04:32:45.635939Z
108,27107,"Ochoa, Gilmore and Cruz",paid,GBP,0.11,0.02,0.13,2025-09-11T04:32:45.679252Z
109,46645,Stevens PLC,invoiced,GBP,5671.3,1134.26,6805.56,2025-09-11T04:32:46.265370Z
110,60860,"Wright, Olson and Hill",confirmed,USD,262.27,18.36,280.63,2025-09-11T04:32:46.286270Z
111,37887,Snyder-Sanders,paid,EUR,38246.05,7649.21,45895.26,2025-09-11T04:32:46.293147Z
112,73077,"Riley, Evans and Marshall",created,USD,1492.61,104.48,1597.09,2025-09-11T04:32:46.345392Z
113,14004,"Dillon, Bowen and Smith",invoiced,GBP,9553.11,1910.62,11463.73,2025-09-11T04:32:46.328077Z
114,41579,"Garcia, Wade and Sanchez",paid,GBP,27168.96,5433.79,32602.75,2025-09-11T04:32:46.276430Z
115,47125,Waters PLC,confirmed,GBP,41537.0,8307.4,49844.4,2025-09-11T04:32:46.337050Z
116,88617,"Bowen, Smith and Lucas",confirmed,USD,27967.04,1957.69,29924.73,2025-09-11T04:32:46.253366Z
117,41470,Martin Group,paid,GBP,3762.0,752.4,4514.4,2025-09-11T04:32:46.350090Z
118,92825,Collins Ltd,invoiced,USD,3973.0,278.11,4251.11,2025-09-11T04:32:47.668061Z
119,47486,Rodgers PLC,paid,EUR,986.0,197.2,1183.2,2025-09-11T04:32:46.592847Z
120,77493,Lopez Ltd,paid,USD,5176.0,362.32,5538.32,2025-09-11T04:32:46.692514Z
121,21442,Silva Group,created,GBP,39338.0,7867.6,47205.6,2025-09-11T04:32:46.632801Z
122,76849,Harper LLC,invoiced,USD,986.0,69.02,1055.02,2025-09-11T04:32:46.707086Z
123,16863,Miller-Russell,invoiced,USD,0.14,0.01,0.15,2025-09-11T04:32:46.719913Z
124,46412,"Smith, Meza and Brown",created,EUR,8316.0,1663.2,9979.2,2025-09-11T04:32:46.716717Z
125,41824,Clayton PLC,created,USD,5481.68,383.72,5865.4,2025-09-11T04:32:46.713388Z
126,85048,Lane Group,invoiced,USD,1.68,0.12,1.8,2025-09-11T04:32:46.727416Z
127,15842,"Carpenter, Carson and Johnson",invoiced,USD,3683.29,257.83,3941.12,2025-09-11T04:32:47.246299Z
128,41017,Hunt-Anderson,confirmed,EUR,4.96,0.99,5.95,2025-09-11T04:32:47.332748Z
129,86821,"Nelson, Wilkerson and Beasley",paid,USD,609.07,42.63,651.7,2025-09-11T04:32:47.288035Z
130,78128,Nelson-Yang,created,EUR,2.65,0.53,3.18,2025-09-11T04:32:47.325508Z
131,51344,Carrillo-Miller,confirmed,GBP,0.07,0.01,0.08,2025-09-11T04:32:47.238440Z
132,64057,Russell and Sons,invoiced,GBP,2397.46,479.49,2876.95,2025-09-11T04:32:47.220900Z
133,74727,Olson-Mack,paid,USD,203.25,14.23,217.48,2025-09-11T04:32:47.271985Z
134,73454,"Gonzalez, Riggs and Bartlett",invoiced,EUR,19015.08,3803.02,22818.1,2025-09-11T04:32:47.317149Z
135,97757,Garrett-Aguilar,paid,GBP,0.61,0.12,0.73,2025-09-11T04:32:47.312791Z
136,85460,Rice-Hamilton,confirmed,EUR,1683.16,336.63,2019.79,2025-09-11T04:32:47.267313Z
137,19485,Ortiz and Sons,invoiced,USD,0.33,0.02,0.35,2025-09-11T04:32:47.455645Z
138,35354,Cole-Wolfe,created,USD,9157.12,641.0,9798.12,2025-09-11T04:32:47.675443Z
139,10197,"Jensen, Franklin and Walter",invoiced,GBP,0.24,0.05,0.29,2025-09-11T04:32:47.694290Z
140,22453,Adams PLC,created,USD,6.06,0.42,6.48,2025-09-11T04:32:47.627687Z
141,77806,Carpenter Group,created,GBP,32759.62,6551.92,39311.54,2025-09-11T04:32:47.680759Z
142,86361,"Frazier, Tucker and Tucker",confirmed,GBP,4554.0,910.8,5464.8,2025-09-11T04:32:47.686678Z
143,34107,Smith and Sons,paid,USD,3763.84,263.47,4027.31,2025-09-11T04:32:47.658124Z
144,68755,Gibson Ltd,created,GBP,931.43,186.29,1117.72,2025-09-11T04:32:47.747004Z
145,65412,"Smith, Johnson and Flores",created,EUR,396.0,79.2,475.2,2025-09-11T04:32:48.362085Z
146,27476,Hanson Inc,invoiced,GBP,1.5,0.3,1.8,2025-09-11T04:32:48.401644Z
147,89330,"Hernandez, Duffy and Gonzales",invoiced,GBP,9588.0,1917.6,11505.6,2025-09-11T04:32:48.366686Z
148,62887,"Fields, Cordova and Williams",invoiced,USD,3185.06,222.95,3408.01,2025-09-11T04:32:48.357428Z
149,19320,King and Sons,paid,EUR,1.17,0.23,1.4,2025-09-11T04:32:48.372240Z
150,52777,Lopez-Torres,invoiced,EUR,9353.35,1870.67,11224.02,2025-09-11T04:32:48.409709Z
151,63689,"Chen, Harris and Mcpherson",created,GBP,4951.1,990.22,5941.32,2025-09-11T04:32:48.426381Z
152,61308,"Thomas, Bonilla and Yates",created,USD,4794.0,335.58,5129.58,2025-09-11T04:32:48.386765Z
153,74292,Johnson Ltd,invoiced,EUR,8159.99,1632.0,9791.99,2025-09-11T04:32:48.377781Z
154,36626,Tucker-Clark,paid,GBP,28768.57,5753.71,34522.28,2025-09-11T04:32:49.642853Z
155,86137,"Ryan, English and Bird",created,GBP,3367.12,673.42,4040.54,2025-09-11T04:32:48.417364Z
156,73934,Small-Wright,invoiced,USD,3196.23,223.74,3419.97,2025-09-11T04:32:48.735726Z
157,90169,Walker-Smith,paid,GBP,0.44,0.09,0.53,2025-09-11T04:32:48.761660Z
158,99686,Michael Inc,confirmed,EUR,15980.8,3196.16,19176.96,2025-09-11T04:32:48.731191Z
159,61710,Chambers and Sons,invoiced,USD,5809.0,406.63,6215.63,2025-09-11T04:32:48.781601Z
160,26061,"Cooper, Thompson and Matthews",confirmed,USD,22960.0,1607.2,24567.2,2025-09-11T04:32:50.261135Z
161,77922,Pierce and Sons,invoiced,GBP,21574.11,4314.82,25888.93,2025-09-11T04:32:48.739997Z
162,17039,"Leach, Harris and Harris",paid,USD,2.22,0.16,2.38,2025-09-11T04:32:48.747658Z
163,80965,"Bryant, Silva and Vasquez",created,USD,3565.68,249.6,3815.28,2025-09-11T04:32:49.225728Z
164,22495,"Turner, Acevedo and Ford",created,GBP,0.12,0.02,0.14,2025-09-11T04:32:49.290861Z
165,12205,Nixon Group,invoiced,EUR,2178.3,435.66,2613.96,2025-09-11T04:32:49.284043Z
166,33424,"Morrison, Patterson and Murphy",created,GBP,4852.12,970.42,5822.54,2025-09-11T04:32:49.228970Z
167,39993,Murphy LLC,paid,USD,201.8,14.13,215.93,2025-09-11T04:32:49.247902Z
168,25057,"Wood, Lopez and Patel",paid,USD,9766.0,683.62,10449.62,2025-09-11T04:32:49.279335Z
169,43492,"Weber, Peters and Martinez",created,USD,5970.0,417.9,6387.9,2025-09-11T04:32:49.295096Z
170,55218,"Flores, Davis and Nguyen",paid,GBP,37553.0,7510.6,45063.6,2025-09-11T04:32:49.241589Z
171,83639,Mcgrath-Wilson,confirmed,EUR,22373.07,4474.61,26847.68,2025-09-11T04:32:49.237159Z
172,56205,Lewis LLC,created,EUR,0.11,0.02,0.13,2025-09-11T04:32:49.275792Z
173,52483,Barnett-Strickland,invoiced,EUR,4950.0,990.0,5940.0,2025-09-11T04:32:49.554016Z
174,10614,Lucero-Crawford,confirmed,GBP,4158.37,831.67,4990.04,2025-09-11T04:32:49.589695Z
175,68190,Williams PLC,confirmed,EUR,20964.53,4192.91,25157.44,2025-09-11T04:32:49.617913Z
176,13892,Saunders and Sons,confirmed,GBP,21573.48,4314.7,25888.18,2025-09-11T04:32:49.702861Z
177,38415,Fisher-Lee,invoiced,EUR,30362.53,6072.51,36435.04,2025-09-11T04:32:49.638473Z
178,24768,"Orozco, Newman and Fischer",created,USD,0.45,0.03,0.48,2025-09-11T04:32:49.687029Z
179,35975,Summers Inc,created,GBP,6768.04,1353.61,8121.65,2025-09-11T04:32:49.681826Z
180,28905,Craig PLC,created,USD,31161.88,2181.33,33343.21,2025-09-11T04:32:50.790334Z
181,86145,"Garcia, Cook and Morgan",confirmed,USD,7563.2,529.42,8092.62,2025-09-11T04:32:51.640333Z
182,69253,Hall-Morse,paid,EUR,1624.0,324.8,1948.8,2025-09-11T04:32:50.311393Z
183,24148,Burgess Inc,confirmed,GBP,2.19,0.44,2.63,2025-09-11T04:32:50.253997Z
184,46165,Allen Ltd,created,USD,31162.11,2181.35,33343.46,2025-09-11T04:32:50.332643Z
185,24818,Moore PLC,invoiced,GBP,5174.0,1034.8,6208.8,2025-09-11T04:32:50.292021Z
186,54865,"Perry, Kelley and Cole",confirmed,USD,26566.11,1859.63,28425.74,2025-09-11T04:32:50.303335Z
187,56037,Lara-Hernandez,confirmed,EUR,1199.92,239.98,1439.9,2025-09-11T04:32:50.346989Z
188,39017,Melendez-Allen,confirmed,GBP,1.48,0.3,1.78,2025-09-11T04:32:50.224447Z
189,73364,"Hill, Johnston and Wilson",paid,GBP,2.6,0.52,3.12,2025-09-11T04:32:50.283031Z
190,19776,Walton LLC,paid,USD,33558.0,2349.06,35907.06,2025-09-11T04:32:50.280184Z
191,79146,"Savage, Palmer and Thomas",invoiced,EUR,9763.14,1952.63,11715.77,2025-09-11T04:32:50.398185Z
192,58933,Miller-Parker,confirmed,USD,4257.0,297.99,4554.99,2025-09-11T04:32:50.542923Z
193,83635,Mercado-Hines,confirmed,USD,29542.0,2067.94,31609.94,2025-09-11T04:32:50.597490Z
194,88983,Perkins LLC,invoiced,GBP,2190.36,438.07,2628.43,2025-09-11T04:32:51.820237Z
195,88055,Williams-Gonzalez,confirmed,EUR,4908.7,981.74,5890.44,2025-09-11T04:32:50.640123Z
196,95118,"Dawson, Marquez and Norton",invoiced,GBP,1.84,0.37,2.21,2025-09-11T04:32:50.628036Z
197,80762,Anderson Inc,created,EUR,0.11,0.02,0.13,2025-09-11T04:32:50.621253Z
198,16944,"Dawson, Garcia and Manning",created,USD,0.06,0.0,0.06,2025-09-11T04:32:50.616425Z
199,55120,"Long, Hill and Marquez",confirmed,EUR,15181.85,3036.37,18218.22,2025-09-11T04:32:52.747288Z
200,15978,Navarro Inc,confirmed,GBP,0.09,0.02,0.11,2025-09-11T04:32:51.311245Z
201,18795,"Nguyen, Smith and Campbell",paid,GBP,34357.13,6871.43,41228.56,2025-09-11T04:32:51.250025Z
202,60533,"Harrison, Marks and Gonzalez",paid,USD,0.28,0.02,0.3,2025-09-11T04:32:52.721194Z
203,21895,Wilkinson PLC,invoiced,EUR,1980.0,396.0,2376.0,2025-09-11T04:32:51.278710Z
204,62023,Buckley and Sons,invoiced,EUR,988.72,197.74,1186.46,2025-09-11T04:32:51.254987Z
205,66939,Ramsey-Herrera,paid,GBP,4554.61,910.92,5465.53,2025-09-11T04:32:51.210343Z
206,11133,Torres Ltd,created,GBP,1.11,0.22,1.33,2025-09-11T04:32:51.233410Z
207,76319,"Caldwell, Castaneda and Walker",created,EUR,1.84,0.37,2.21,2025-09-11T04:32:51.244899Z
208,46577,"Norman, Brown and Salinas",invoiced,EUR,6370.22,1274.04,7644.26,2025-09-11T04:32:52.655844Z
209,83012,"Johnson, Sheppard and Mitchell",confirmed,USD,558.74,39.11,597.85,2025-09-11T04:32:52.763031Z
210,60423,Becker Ltd,invoiced,USD,15181.0,1062.67,16243.67,2025-09-11T04:32:51.530073Z
211,84042,Yang-Smith,invoiced,USD,4854.14,339.79,5193.93,2025-09-11T04:32:52.837565Z
212,61938,"Haas, Thornton and Brown",created,EUR,694.04,138.81,832.85,2025-09-11T04:32:51.645704Z
213,29942,Robinson-Smith,created,EUR,1.7,0.34,2.04,2025-09-11T04:32:51.650022Z
214,77801,"Kelly, Evans and Fernandez",invoiced,USD,871.56,61.01,932.57,2025-09-11T04:32:51.626620Z
215,15773,"Ellison, Garcia and Mitchell",paid,GBP,27166.0,5433.2,32599.2,2025-09-11T04:32:51.603123Z
216,37223,"Lopez, Castillo and Smith",confirmed,USD,493.64,34.55,528.19,2025-09-11T04:32:51.662364Z
217,47569,Lopez Ltd,paid,USD,29929.76,2095.08,32024.84,2025-09-11T04:32:52.163484Z
218,49369,Rodriguez PLC,confirmed,EUR,145.21,29.04,174.25,2025-09-11T04:32:52.183012Z
219,93549,Rose-Murphy,created,EUR,1508.29,301.66,1809.95,2025-09-11T04:32:52.145612Z
220,40540,"Wright, Hill and Morales",paid,GBP,16960.02,3392.0,20352.02,2025-09-11T04:32:52.188280Z
221,42173,Davis-Ramirez,paid,EUR,3168.33,633.67,3802.0,2025-09-11T04:32:52.152052Z
222,24142,Campbell Inc,paid,EUR,697.21,139.44,836.65,2025-09-11T04:32:52.157563Z
223,53529,Gonzales-Myers,paid,GBP,2.83,0.57,3.4,2025-09-11T04:32:52.203716Z
224,18360,Marshall PLC,confirmed,GBP,1629.85,325.97,1955.82,2025-09-11T04:32:52.590994Z
225,41389,Luna PLC,invoiced,USD,9800.0,686.0,10486.0,2025-09-11T04:32:52.631874Z
226,73445,Gates PLC,created,USD,5970.0,417.9,6387.9,2025-09-11T04:32:53.847993Z
227,62305,"Wood, Griffin and Allen",confirmed,GBP,0.08,0.02,0.1,2025-09-11T04:32:52.606157Z
228,96057,Berry and Sons,paid,EUR,3.76,0.75,4.51,2025-09-11T04:32:52.663542Z
229,79311,Perez PLC,paid,USD,5115.0,358.05,5473.05,2025-09-11T04:32:52.717387Z
230,31210,Bryan-Hardy,confirmed,USD,1598.0,111.86,1709.86,2025-09-11T04:32:52.674847Z
231,12856,Carson LLC,invoiced,USD,2397.15,167.8,2564.95,2025-09-11T04:32:52.906114Z
232,46833,Hall Inc,paid,EUR,870.0,174.0,1044.0,2025-09-11T04:32:54.418809Z
233,99453,"Thompson, Hall and Horn",created,EUR,6804.0,1360.8,8164.8,2025-09-11T04:32:52.880350Z
234,54807,Glenn-Hodge,invoiced,GBP,2.24,0.45,2.69,2025-09-11T04:32:52.865317Z
235,55458,"Robertson, Johnson and Jones",paid,GBP,0.3,0.06,0.36,2025-09-11T04:32:53.210858Z
236,98243,Simpson-Oconnor,created,USD,0.19,0.01,0.2,2025-09-11T04:32:53.194162Z
237,91595,Stein-Cordova,paid,GBP,6965.61,1393.12,8358.73,2025-09-11T04:32:53.198582Z
238,58644,Graham Ltd,paid,USD,0.06,0.0,0.06,2025-09-11T04:32:53.297980Z
239,25560,Carey and Sons,confirmed,EUR,2178.0,435.6,2613.6,2025-09-11T04:32:53.233826Z
240,90793,Johnson LLC,paid,USD,11741.04,821.87,12562.91,2025-09-11T04:32:53.244235Z
241,79960,Gomez Ltd,created,EUR,0.8,0.16,0.96,2025-09-11T04:32:53.316728Z
242,53955,Crawford PLC,created,GBP,9841.0,1968.2,11809.2,2025-09-11T04:32:53.263311Z
243,78901,Coleman-Hayes,created,USD,14328.24,1002.98,15331.22,2025-09-11T04:32:53.301587Z
244,99140,Reyes-Riley,confirmed,GBP,20774.0,4154.8,24928.8,2025-09-11T04:32:53.229098Z
245,26491,Ruiz-Hayes,invoiced,EUR,30481.36,6096.27,36577.63,2025-09-11T04:32:53.533526Z
246,17899,"Hughes, Kelly and Simon",paid,GBP,928.0,185.6,1113.6,2025-09-11T04:32:53.589007Z
247,70064,Smith-Grimes,created,USD,2577.24,180.41,2757.65,2025-09-11T04:32:53.633262Z
248,64518,"Howe, Woods and Harris",invoiced,GBP,5738.04,1147.61,6885.65,2025-09-11T04:32:53.638467Z
249,45532,"Gates, Ramirez and Harper",created,USD,783.29,54.83,838.12,2025-09-11T04:32:53.597542Z
250,60797,Fitzpatrick-Hart,paid,EUR,2477.66,495.53,2973.19,2025-09-11T04:32:53.652091Z
251,68298,"Reyes, Lane and Bryant",created,GBP,4554.0,910.8,5464.8,2025-09-11T04:32:53.677219Z
252,91512,Huber LLC,confirmed,EUR,1.15,0.23,1.38,2025-09-11T04:32:53.643876Z
253,80542,"James, Glenn and Delgado",created,EUR,99.0,19.8,118.8,2025-09-11T04:32:54.372667Z
254,59126,"King, Stanley and Robinson",paid,GBP,6534.0,1306.8,7840.8,2025-09-11T04:32:54.310490Z
255,17248,Davidson-Pope,invoiced,GBP,1451.75,290.35,1742.1,2025-09-11T04:32:54.404097Z
256,74074,Reynolds-Brooks,paid,GBP,812.0,162.4,974.4,2025-09-11T04:32:54.367865Z
257,51558,Garcia-Schmidt,paid,EUR,38352.18,7670.44,46022.62,2025-09-11T04:32:54.388246Z
258,95676,Moore PLC,created,GBP,3.89,0.78,4.67,2025-09-11T04:32:55.720573Z
259,15185,"Davis, Carlson and Snyder",invoiced,EUR,0.57,0.11,0.68,2025-09-11T04:32:55.818914Z
260,37613,Hurley PLC,invoiced,USD,9348.0,654.36,10002.36,2025-09-11T04:32:54.340124Z
261,66804,Thompson Inc,created,EUR,10838.0,2167.6,13005.6,2025-09-11T04:32:54.333365Z
262,51051,"Ortiz, Cooper and Allison",created,USD,11985.0,838.95,12823.95,2025-09-11T04:32:54.359401Z
263,66027,Munoz-Waters,invoiced,USD,1.04,0.07,1.11,2025-09-11T04:32:54.347132Z
264,91512,"Carter, Lee and Jackson",invoiced,USD,377.0,26.39,403.39,2025-09-11T04:32:54.574561Z
265,61411,Calderon-Webb,created,GBP,0.51,0.1,0.61,2025-09-11T04:32:54.644779Z
266,19148,"Maldonado, Garcia and Rojas",created,EUR,2106.64,421.33,2527.97,2025-09-11T04:32:54.685915Z
267,35910,Wallace LLC,paid,GBP,1.97,0.39,2.36,2025-09-11T04:32:55.805783Z
268,80046,"Flores, Harrington and Kirby",paid,USD,9371.37,656.0,10027.37,2025-09-11T04:32:54.656100Z
269,15227,Dyer PLC,created,GBP,2151.0,430.2,2581.2,2025-09-11T04:32:54.742021Z
270,33513,Li-Cross,paid,EUR,2.0,0.4,2.4,2025-09-11T04:32:54.691510Z
271,73382,"Kelly, Rhodes and Watson",paid,USD,1338.0,93.66,1431.66,2025-09-11T04:33:00.551830Z
272,72501,Brown-Rich,confirmed,EUR,9553.19,1910.64,11463.83,2025-09-11T04:32:55.299766Z
273,35173,"Schultz, Allen and Simon",created,GBP,3.86,0.77,4.63,2025-09-11T04:32:55.234575Z
274,28937,Wood-Williams,confirmed,GBP,9751.7,1950.34,11702.04,2025-09-11T04:32:55.277319Z
275,26271,"Blair, Grant and Flores",confirmed,EUR,3714.0,742.8,4456.8,2025-09-11T04:32:55.339747Z
276,58881,Gonzalez LLC,created,GBP,52734.0,10546.8,63280.8,2025-09-11T04:32:55.315843Z
277,21686,Robinson Inc,created,USD,11478.0,803.46,12281.46,2025-09-11T04:32:55.244721Z
278,48473,Ramirez-Washington,created,USD,5.22,0.37,5.59,2025-09-11T04:32:55.333168Z
279,63797,Cobb-Williams,paid,GBP,3383.0,676.6,4059.6,2025-09-11T04:32:55.343764Z
280,50577,Rios-Merritt,confirmed,USD,5784.0,404.88,6188.88,2025-09-11T04:32:55.611193Z
281,12601,King-Griffin,confirmed,GBP,1276.0,255.2,1531.2,2025-09-11T04:32:56.809884Z
282,98043,Case Group,confirmed,EUR,2.97,0.59,3.56,2025-09-11T04:32:57.067741Z
283,12727,York LLC,paid,USD,19975.0,1398.25,21373.25,2025-09-11T04:32:55.811611Z
284,14302,Wood-Berg,confirmed,GBP,2178.61,435.72,2614.33,2025-09-11T04:32:57.023665Z
285,86127,Hughes-Willis,confirmed,USD,1595.0,111.65,1706.65,2025-09-11T04:32:55.789122Z
286,74462,Stewart Inc,confirmed,GBP,9950.23,1990.05,11940.28,2025-09-11T04:32:55.828237Z
287,82875,Edwards Inc,invoiced,GBP,6568.35,1313.67,7882.02,2025-09-11T04:32:55.796822Z
288,46865,Norton-Castillo,paid,USD,1.04,0.07,1.11,2025-09-11T04:32:55.836464Z
289,45682,"Lopez, Ramos and Logan",created,EUR,0.11,0.02,0.13,2025-09-11T04:32:56.170872Z
290,81132,Beard-Watkins,created,USD,1.92,0.13,2.05,2025-09-11T04:32:56.223773Z
291,96302,Gross-Rowland,confirmed,GBP,0.13,0.03,0.16,2025-09-11T04:32:56.191898Z
292,28971,Hernandez-Hood,paid,USD,2.72,0.19,2.91,2025-09-11T04:32:56.199384Z
293,72597,Wilson-Mason,paid,GBP,2.05,0.41,2.46,2025-09-11T04:32:56.253946Z
294,33077,Washington and Sons,created,GBP,3251.44,650.29,3901.73,2025-09-11T04:32:56.175397Z
295,46984,"Harrison, French and Matthews",confirmed,EUR,2.96,0.59,3.55,2025-09-11T04:32:56.261127Z
296,19576,Watson-Shelton,confirmed,EUR,4378.3,875.66,5253.96,2025-09-11T04:32:56.269175Z
297,78870,Goodman-Bird,paid,USD,4061.0,284.27,4345.27,2025-09-11T04:32:56.597423Z
298,36975,"Holland, White and White",created,USD,351.24,24.59,375.83,2025-09-11T04:32:56.594383Z
299,57720,"Cortez, Smith and Kline",paid,GBP,11186.62,2237.32,13423.94,2025-09-11T04:32:56.571800Z
300,88341,Cooper-Smith,created,GBP,7960.0,1592.0,9552.0,2025-09-11T04:32:56.644878Z
301,62263,"Lloyd, Snyder and Stevens",invoiced,GBP,1.19,0.24,1.43,2025-09-11T04:32:56.651431Z
302,83071,"Oneill, Russell and Ayers",invoiced,USD,552.68,38.69,591.37,2025-09-11T04:32:56.648698Z
303,14149,Novak and Sons,confirmed,GBP,0.57,0.11,0.68,2025-09-11T04:32:56.683109Z
304,27547,Simmons Group,created,USD,1782.0,124.74,1906.74,2025-09-11T04:32:56.662768Z
305,33932,"Knight, Welch and Campbell",paid,EUR,14863.0,2972.6,17835.6,2025-09-11T04:32:56.736237Z
306,66339,"French, Ramirez and Hanson",invoiced,USD,1.74,0.12,1.86,2025-09-11T04:32:56.746542Z
307,93588,"Turner, Schwartz and Meyer",confirmed,USD,669.32,46.85,716.17,2025-09-11T04:32:57.281819Z
308,34560,Rasmussen LLC,created,GBP,1984.84,396.97,2381.81,2025-09-11T04:32:57.232336Z
309,18316,Smith-Gonzalez,confirmed,EUR,10704.0,2140.8,12844.8,2025-09-11T04:32:57.270278Z
310,82227,Lopez LLC,confirmed,USD,0.56,0.04,0.6,2025-09-11T04:32:57.228865Z
311,44670,Hardy-Mata,created,EUR,4.0,0.8,4.8,2025-09-11T04:32:57.297663Z
312,95247,Douglas Inc,paid,GBP,0.96,0.19,1.15,2025-09-11T04:32:57.240685Z
313,84003,Montes Group,invoiced,GBP,0.95,0.19,1.14,2025-09-11T04:32:57.247756Z
314,35746,Rodriguez-Smith,created,EUR,6966.44,1393.29,8359.73,2025-09-11T04:32:57.277704Z
315,63734,"Gutierrez, Smith and Silva",invoiced,EUR,0.83,0.17,1.0,2025-09-11T04:33:00.098840Z
316,13457,Shepherd Inc,paid,USD,30836.0,2158.52,32994.52,2025-09-11T04:32:57.285966Z
317,70581,Bush Group,invoiced,EUR,297.38,59.48,356.86,2025-09-11T04:32:57.330432Z
318,95723,Gibson Group,invoiced,GBP,16779.02,3355.8,20134.82,2025-09-11T04:32:57.524607Z
319,33322,Mccormick PLC,paid,USD,20774.17,1454.19,22228.36,2025-09-11T04:32:57.510315Z
320,68396,"Soto, Kim and Morris",created,EUR,2574.29,514.86,3089.15,2025-09-11T04:32:57.538513Z
321,46105,Martinez-Hoffman,invoiced,GBP,5971.93,1194.39,7166.32,2025-09-11T04:32:57.604954Z
322,65034,Brown LLC,paid,USD,0.84,0.06,0.9,2025-09-11T04:32:57.624286Z
323,24629,Dean Inc,paid,USD,0.34,0.02,0.36,2025-09-11T04:32:58.819505Z
324,87344,Moran Ltd,paid,GBP,20074.15,4014.83,24088.98,2025-09-11T04:32:57.586488Z
325,82188,Elliott Ltd,invoiced,GBP,396.29,79.26,475.55,2025-09-11T04:32:58.287570Z
326,23689,Parker-Ballard,created,EUR,2575.04,515.01,3090.05,2025-09-11T04:32:58.222282Z
327,17714,"Wallace, Oconnor and Rodgers",paid,GBP,1.03,0.21,1.24,2025-09-11T04:32:58.280215Z
328,94157,"Mullins, Owens and Webster",confirmed,GBP,0.08,0.02,0.1,2025-09-11T04:32:58.259832Z
329,72362,Hunt-Walker,paid,EUR,1.84,0.37,2.21,2025-09-11T04:32:59.557085Z
330,90903,Michael Group,invoiced,EUR,3.15,0.63,3.78,2025-09-11T04:32:58.268284Z
331,52089,Wright Ltd,created,USD,9868.0,690.76,10558.76,2025-09-11T04:32:58.249370Z
332,42615,"Rice, Riley and Haynes",invoiced,EUR,1075.83,215.17,1291.0,2025-09-11T04:32:58.300547Z
333,82723,Gomez-Bird,paid,GBP,0.6,0.12,0.72,2025-09-11T04:32:58.254283Z
334,42304,"Hogan, James and Anderson",paid,GBP,0.53,0.11,0.64,2025-09-11T04:32:58.511606Z
335,28946,Ingram PLC,created,USD,0.67,0.05,0.72,2025-09-11T04:32:58.721624Z
336,10829,"Ferguson, Lee and Weaver",created,EUR,1.07,0.21,1.28,2025-09-11T04:32:58.771565Z
337,36458,Combs-Ward,paid,GBP,10388.31,2077.66,12465.97,2025-09-11T04:32:58.708745Z
338,24356,Ramirez-Crawford,confirmed,EUR,1160.0,232.0,1392.0,2025-09-11T04:32:58.777552Z
339,28512,"Martinez, Johnson and Mccoy",created,EUR,1538.0,307.6,1845.6,2025-09-11T04:33:01.405868Z
340,62428,"Davis, Rice and Marsh",confirmed,EUR,26367.0,5273.4,31640.4,2025-09-11T04:32:58.734908Z
341,86324,Bradley-Hernandez,confirmed,GBP,0.44,0.09,0.53,2025-09-11T04:32:58.704193Z
342,25831,Silva Inc,invoiced,EUR,1.83,0.37,2.2,2025-09-11T04:32:58.815072Z
343,34582,Hodges-Glass,confirmed,USD,0.26,0.02,0.28,2025-09-11T04:33:00.599521Z
344,59319,Garcia-Wu,created,EUR,2324.25,464.85,2789.1,2025-09-11T04:32:59.248827Z
345,47375,Martin Group,confirmed,USD,2970.0,207.9,3177.9,2025-09-11T04:32:59.297551Z
346,83401,Franklin PLC,invoiced,GBP,1.92,0.38,2.3,2025-09-11T04:32:59.196949Z
347,55907,"Harrison, Oneal and Simpson",invoiced,USD,7960.99,557.27,8518.26,2025-09-11T04:33:00.606691Z
348,51748,Clark Group,paid,USD,870.9,60.96,931.86,2025-09-11T04:32:59.266662Z
349,63714,"Patterson, Mcgee and Elliott",paid,EUR,0.57,0.11,0.68,2025-09-11T04:32:59.278779Z
350,57567,Morales Ltd,paid,GBP,0.8,0.16,0.96,2025-09-11T04:32:59.229682Z
351,89968,"Reed, Chandler and Flores",created,GBP,6392.24,1278.45,7670.69,2025-09-11T04:32:59.394287Z
352,47270,Harmon Ltd,created,USD,0.87,0.06,0.93,2025-09-11T04:32:59.519677Z
353,22786,Bennett Ltd,confirmed,USD,3.96,0.28,4.24,2025-09-11T04:32:59.609910Z
354,38033,Miller Inc,created,EUR,9950.0,1990.0,11940.0,2025-09-11T04:33:00.928502Z
355,30861,Jensen LLC,created,USD,3564.01,249.48,3813.49,2025-09-11T04:32:59.561574Z
356,95184,Ruiz LLC,created,GBP,638.0,127.6,765.6,2025-09-11T04:32:59.648304Z
357,34122,Boyle-Brown,created,USD,3883.28,271.83,4155.11,2025-09-11T04:32:59.566070Z
358,41411,Myers LLC,paid,GBP,1.68,0.34,2.02,2025-09-11T04:32:59.712071Z
359,22195,"Powell, Henry and Elliott",confirmed,GBP,2.0,0.4,2.4,2025-09-11T04:32:59.741529Z
360,40225,Sanchez-Stanley,invoiced,GBP,2871.02,574.2,3445.22,2025-09-11T04:32:59.802265Z
361,90661,Curry Group,invoiced,GBP,2475.26,495.05,2970.31,2025-09-11T04:33:01.527339Z
362,78755,"Bishop, Diaz and Sanchez",invoiced,USD,39152.28,2740.66,41892.94,2025-09-11T04:33:00.212478Z
363,32289,Herrera LLC,confirmed,EUR,1451.6,290.32,1741.92,2025-09-11T04:33:00.179893Z
364,10327,Jimenez Inc,invoiced,EUR,1392.72,278.54,1671.26,2025-09-11T04:33:00.171649Z
365,98687,Bradshaw-Hines,paid,GBP,4852.08,970.42,5822.5,2025-09-11T04:33:00.130065Z
366,19034,Sharp-Martinez,created,EUR,2388.18,477.64,2865.82,2025-09-11T04:33:01.512986Z
367,14523,"Holt, Freeman and Mccullough",created,EUR,1189.99,238.0,1427.99,2025-09-11T04:33:00.287401Z
368,72485,"Williams, Gonzalez and Fischer",created,USD,33533.04,2347.31,35880.35,2025-09-11T04:33:00.424188Z
369,58022,Fry-Allen,invoiced,USD,20774.94,1454.25,22229.19,2025-09-11T04:33:00.583754Z
370,26287,"Greer, Carrillo and Vargas",confirmed,USD,2979.2,208.54,3187.74,2025-09-11T04:33:00.561176Z
371,50722,"Perry, Carr and Schmitt",paid,USD,1392.0,97.44,1489.44,2025-09-11T04:33:00.566242Z
372,25363,"Zavala, Mcgee and Allen",confirmed,GBP,2970.0,594.0,3564.0,2025-09-11T04:33:00.545681Z
373,14461,Khan Ltd,confirmed,USD,4259.0,298.13,4557.13,2025-09-11T04:33:01.813271Z
374,53465,Higgins and Sons,paid,GBP,1291.94,258.39,1550.33,2025-09-11T04:33:02.241559Z
375,40633,Wright-Kim,paid,EUR,73144.0,14628.8,87772.8,2025-09-11T04:33:00.881764Z
376,98117,"Cortez, Ruiz and Martin",confirmed,EUR,4378.45,875.69,5254.14,2025-09-11T04:33:00.910796Z
377,41543,"Davis, Oconnell and Miller",confirmed,USD,3383.0,236.81,3619.81,2025-09-11T04:33:02.281606Z
378,12979,Erickson-Haynes,invoiced,GBP,400.71,80.14,480.85,2025-09-11T04:33:00.962010Z
379,14090,Ryan LLC,confirmed,EUR,1287.0,257.4,1544.4,2025-09-11T04:33:02.312131Z
380,27390,Casey-Russell,confirmed,USD,9008.0,630.56,9638.56,2025-09-11T04:33:00.988040Z
381,72834,Beltran-Johnson,created,GBP,23972.14,4794.43,28766.57,2025-09-11T04:33:01.037405Z
382,17430,Taylor-Perez,confirmed,EUR,0.99,0.2,1.19,2025-09-11T04:33:01.111959Z
383,77658,"Powell, Hall and Rodriguez",invoiced,GBP,11123.0,2224.6,13347.6,2025-09-11T04:33:01.140771Z
384,94478,Williams-Patel,paid,USD,551.0,38.57,589.57,2025-09-11T04:33:02.292189Z
385,18517,Foster-Parker,invoiced,USD,7429.0,520.03,7949.03,2025-09-11T04:33:01.136207Z
386,91521,Watts-Herrera,invoiced,EUR,5970.18,1194.04,7164.22,2025-09-11T04:33:01.185014Z
387,67697,Williams and Sons,invoiced,GBP,5103.0,1020.6,6123.6,2025-09-11T04:33:01.363518Z
388,58341,Cox-Meyers,confirmed,USD,1.19,0.08,1.27,2025-09-11T04:33:01.495742Z
389,97671,"Bell, Bauer and Stephens",confirmed,GBP,5030.05,1006.01,6036.06,2025-09-11T04:33:01.629116Z
390,84367,"Davis, Hicks and Haas",paid,GBP,13548.32,2709.66,16257.98,2025-09-11T04:33:01.507130Z
391,74594,Haley Ltd,confirmed,GBP,36899.21,7379.84,44279.05,2025-09-11T04:33:04.813887Z
392,90645,Stevens-Trujillo,paid,GBP,0.05,0.01,0.06,2025-09-11T04:33:01.589358Z
393,59007,Jackson-Smith,confirmed,EUR,2874.8,574.96,3449.76,2025-09-11T04:33:01.789435Z
394,41275,Bell and Sons,created,EUR,7740.0,1548.0,9288.0,2025-09-11T04:33:01.825662Z
395,58585,Smith-Martinez,paid,GBP,1102.13,220.43,1322.56,2025-09-11T04:33:01.797909Z
396,16615,Rios-Hawkins,confirmed,USD,24770.44,1733.93,26504.37,2025-09-11T04:33:01.818468Z
397,25820,Foster Ltd,created,GBP,4752.0,950.4,5702.4,2025-09-11T04:33:02.223677Z
398,63151,Young-West,created,USD,44328.85,3103.02,47431.87,2025-09-11T04:33:02.294986Z
399,14617,Dawson Inc,created,USD,9634.68,674.43,10309.11,2025-09-11T04:33:02.180499Z
400,50329,"King, Hess and Knight",created,USD,1131.0,79.17,1210.17,2025-09-11T04:33:02.246416Z
401,75232,Patterson LLC,confirmed,EUR,2279.01,455.8,2734.81,2025-09-11T04:33:02.233501Z
402,74180,Benson Group,created,GBP,5632.0,1126.4,6758.4,2025-09-11T04:33:02.320424Z
403,42721,"Peterson, Mueller and Hurst",paid,EUR,0.08,0.02,0.1,2025-09-11T04:33:02.383805Z
404,21461,Macdonald-Holmes,paid,USD,696.6,48.76,745.36,2025-09-11T04:33:02.477278Z
405,15705,Coffey Ltd,created,EUR,199.8,39.96,239.76,2025-09-11T04:33:01.265734Z
406,65183,Bowers-Johnston,confirmed,GBP,5.61,1.12,6.73,2025-09-11T04:33:02.614130Z
407,96279,Calderon LLC,invoiced,EUR,1.72,0.34,2.06,2025-09-11T04:33:02.646830Z
408,67726,Mcmahon-Young,invoiced,USD,39151.0,2740.57,41891.57,2025-09-11T04:33:04.723226Z
409,77713,"Mendoza, Dunn and Barnes",created,GBP,0.16,0.03,0.19,2025-09-11T04:33:04.735432Z
410,29278,"Blanchard, Smith and Murphy",created,EUR,1073.39,214.68,1288.07,2025-09-11T04:33:04.731042Z
411,38374,Murphy PLC,paid,EUR,0.25,0.05,0.3,2025-09-11T04:33:01.617465Z
412,47681,"Mccormick, Rodriguez and Gonzalez",paid,GBP,18936.0,3787.2,22723.2,2025-09-11T04:33:04.821336Z
413,93640,White-Dunn,paid,EUR,16484.0,3296.8,19780.8,2025-09-11T04:33:04.805074Z
414,65363,Serrano-Lynch,confirmed,USD,0.37,0.03,0.4,2025-09-11T04:33:04.862743Z
415,54461,Hogan and Sons,created,GBP,5373.61,1074.72,6448.33,2025-09-11T04:33:00.613805Z
416,43238,Porter PLC,created,GBP,17147.0,3429.4,20576.4,2025-09-11T04:33:00.655702Z
417,88315,"Miller, Garner and Mitchell",invoiced,EUR,1991.52,398.3,2389.82,2025-09-11T04:33:00.630738Z
418,52282,Rodriguez-Thomas,created,GBP,1393.0,278.6,1671.6,2025-09-11T04:33:00.624462Z
419,91827,"Sharp, Anderson and Campbell",created,USD,4854.6,339.82,5194.42,2025-09-11T04:33:00.636537Z
420,13452,"Harrington, Nelson and Davis",paid,USD,754.0,52.78,806.78,2025-09-11T04:33:00.682799Z
421,95778,"Carr, Glenn and Snyder",confirmed,USD,348.41,24.39,372.8,2025-09-11T04:33:00.651101Z
422,60587,Smith-Bonilla,confirmed,USD,1.28,0.09,1.37,2025-09-11T04:33:00.671912Z
423,52338,Fernandez Ltd,confirmed,USD,6766.0,473.62,7239.62,2025-09-11T04:33:00.618438Z
424,83607,Pham-Robbins,created,EUR,25160.6,5032.12,30192.72,2025-09-11T04:33:01.022975Z
425,64921,Jackson Inc,confirmed,USD,20759.31,1453.15,22212.46,2025-09-11T04:33:01.076456Z
426,31409,Cross-Bell,confirmed,EUR,1194.09,238.82,1432.91,2025-09-11T04:33:01.080288Z
427,31452,"Ochoa, Pham and Williams",created,EUR,19176.0,3835.2,23011.2,2025-09-11T04:33:01.145232Z
428,43411,Schmidt Inc,paid,USD,5423.06,379.61,5802.67,2025-09-11T04:33:01.107353Z
429,87923,Arellano LLC,paid,USD,1392.0,97.44,1489.44,2025-09-11T04:33:02.728889Z
430,45644,"Taylor, Moore and Lewis",invoiced,GBP,9552.25,1910.45,11462.7,2025-09-11T04:33:02.754775Z
431,48325,Middleton Inc,invoiced,GBP,27341.48,5468.3,32809.78,2025-09-11T04:33:01.193023Z
432,86472,"Beck, Brown and Trujillo",invoiced,EUR,9154.64,1830.93,10985.57,2025-09-11T04:33:01.212551Z
433,36100,"Crawford, Williams and Montgomery",confirmed,EUR,9353.57,1870.71,11224.28,2025-09-11T04:33:01.608805Z
434,57430,Meyer Group,paid,USD,9738.61,681.7,10420.31,2025-09-11T04:33:01.652641Z
435,35269,"Tucker, Collins and Cunningham",confirmed,USD,3031.53,212.21,3243.74,2025-09-11T04:33:01.682689Z
436,60098,Osborne-Perez,created,USD,4.88,0.34,5.22,2025-09-11T04:33:01.676080Z
437,79583,Garcia-Johnson,paid,USD,3785.29,264.97,4050.26,2025-09-11T04:33:01.623626Z
438,37270,"Johnston, Grimes and Yang",confirmed,GBP,1.64,0.33,1.97,2025-09-11T04:33:01.613226Z
439,62929,Collins-Nelson,paid,GBP,3.36,0.67,4.03,2025-09-11T04:33:01.708130Z
440,26286,Flynn LLC,confirmed,EUR,1593.72,318.74,1912.46,2025-09-11T04:33:01.637378Z
441,33301,Benson-Austin,created,GBP,33791.0,6758.2,40549.2,2025-09-11T04:33:02.041901Z
442,58025,Bishop-Delacruz,confirmed,EUR,5327.0,1065.4,6392.4,2025-09-11T04:33:02.104547Z
443,26517,Fowler LLC,invoiced,EUR,2.96,0.59,3.55,2025-09-11T04:33:02.112383Z
444,50487,Smith-Washington,created,GBP,2277.0,455.4,2732.4,2025-09-11T04:33:02.039336Z
445,82197,Wright-Long,created,USD,0.73,0.05,0.78,2025-09-11T04:33:02.061256Z
446,72514,"Fleming, Williamson and Lewis",paid,GBP,199.07,39.81,238.88,2025-09-11T04:33:02.163662Z
447,63873,"Fox, Harper and Jenkins",created,EUR,2.0,0.4,2.4,2025-09-11T04:33:02.137958Z
448,46749,Wilson LLC,created,GBP,784.04,156.81,940.85,2025-09-11T04:33:02.119505Z
449,34967,Lee Group,paid,GBP,8556.0,1711.2,10267.2,2025-09-11T04:33:02.170848Z
450,22627,Arroyo-Roberson,created,EUR,783.65,156.73,940.38,2025-09-11T04:33:02.079130Z
451,15295,"Anderson, Navarro and Williams",paid,GBP,6965.0,1393.0,8358.0,2025-09-11T04:33:02.739338Z
452,54730,Douglas-Newton,invoiced,EUR,3383.0,676.6,4059.6,2025-09-11T04:33:04.189100Z
453,41075,Ferguson-Wade,created,EUR,0.86,0.17,1.03,2025-09-11T04:33:02.702473Z
454,49732,"Burgess, Pearson and Nguyen",invoiced,EUR,2190.91,438.18,2629.09,2025-09-11T04:33:02.761276Z
455,13281,Foley-Serrano,invoiced,USD,0.67,0.05,0.72,2025-09-11T04:33:02.790760Z
456,68905,Graham-Bauer,confirmed,EUR,43315.0,8663.0,51978.0,2025-09-11T04:33:02.724071Z
457,33936,Arnold-Stevens,created,EUR,2.74,0.55,3.29,2025-09-11T04:33:02.707155Z
458,19342,"Schmidt, Jones and Joyce",paid,GBP,1886.6,377.32,2263.92,2025-09-11T04:33:02.774097Z
459,95081,"Hernandez, Abbott and Smith",invoiced,USD,261.95,18.34,280.29,2025-09-11T04:33:02.734342Z
460,49089,"Avila, Francis and Sanders",invoiced,GBP,1.49,0.3,1.79,2025-09-11T04:33:04.125582Z
461,51016,Hart PLC,confirmed,USD,6256.01,437.92,6693.93,2025-09-11T04:33:03.071359Z
462,87683,"Jones, Cervantes and Hughes",created,USD,1.67,0.12,1.79,2025-09-11T04:33:03.132042Z
463,36722,Spencer-Duran,paid,GBP,28347.15,5669.43,34016.58,2025-09-11T04:33:03.068573Z
464,45641,Kelley PLC,paid,EUR,6651.03,1330.21,7981.24,2025-09-11T04:33:03.169607Z
465,35123,Brown Ltd,created,GBP,6.05,1.21,7.26,2025-09-11T04:33:03.146766Z
466,16921,Carter and Sons,invoiced,EUR,8159.78,1631.96,9791.74,2025-09-11T04:33:03.157238Z
467,43092,Powell-Johnson,created,EUR,33559.44,6711.89,40271.33,2025-09-11T04:33:03.228337Z
468,36863,Brown-Davis,paid,EUR,1598.89,319.78,1918.67,2025-09-11T04:33:03.191954Z
469,44804,Wade-Butler,paid,EUR,36732.08,7346.42,44078.5,2025-09-11T04:33:06.391826Z
470,15409,"Reed, Anderson and Nolan",paid,EUR,2397.0,479.4,2876.4,2025-09-11T04:33:03.647889Z
471,98857,Rios Ltd,confirmed,GBP,1.39,0.28,1.67,2025-09-11T04:33:03.665062Z
472,30264,Mcneil Group,paid,GBP,13583.0,2716.6,16299.6,2025-09-11T04:33:03.679333Z
473,54083,Brown-Watson,confirmed,USD,860.0,60.2,920.2,2025-09-11T04:33:03.658244Z
474,19125,Russell and Sons,created,EUR,16783.29,3356.66,20139.95,2025-09-11T04:33:03.692960Z
475,18497,Lara PLC,paid,USD,261.0,18.27,279.27,2025-09-11T04:33:03.643370Z
476,75268,"Vargas, Maynard and Larson",paid,GBP,1990.34,398.07,2388.41,2025-09-11T04:33:03.717784Z
477,90828,Villanueva-Turner,confirmed,EUR,2.2,0.44,2.64,2025-09-11T04:33:05.154852Z
478,52840,Wilson Inc,confirmed,EUR,0.74,0.15,0.89,2025-09-11T04:33:03.703590Z
479,64280,"Rice, Rice and Golden",confirmed,EUR,2.8,0.56,3.36,2025-09-11T04:33:04.098538Z
480,61491,"Sweeney, Carter and Beck",confirmed,EUR,0.94,0.19,1.13,2025-09-11T04:33:04.120099Z
481,98865,"Kennedy, Coleman and Taylor",created,USD,4653.15,325.72,4978.87,2025-09-11T04:33:04.168806Z
482,78301,"Turner, Butler and Meyers",confirmed,USD,4950.0,346.5,5296.5,2025-09-11T04:33:04.094238Z
483,79429,"Morton, Edwards and Miller",invoiced,GBP,9950.0,1990.0,11940.0,2025-09-11T04:33:04.182063Z
484,84960,Ramos Inc,created,EUR,30136.09,6027.22,36163.31,2025-09-11T04:33:04.175165Z
485,28343,Wolf Group,invoiced,GBP,11389.87,2277.97,13667.84,2025-09-11T04:33:04.195559Z
486,32601,Burns and Sons,paid,GBP,2.48,0.5,2.98,2025-09-11T04:33:04.155574Z
487,89028,Edwards-Donovan,paid,EUR,0.4,0.08,0.48,2025-09-11T04:33:04.663479Z
488,24700,"Swanson, Koch and Fox",invoiced,USD,1392.0,97.44,1489.44,2025-09-11T04:33:04.673947Z
489,33551,"Reynolds, Beard and Hood",confirmed,GBP,0.76,0.15,0.91,2025-09-11T04:33:04.668550Z
490,72063,"Wells, Hansen and Bond",invoiced,GBP,8756.02,1751.2,10507.22,2025-09-11T04:33:04.618695Z
491,74960,Ruiz-Hines,confirmed,GBP,17578.0,3515.6,21093.6,2025-09-11T04:33:04.678738Z
492,90694,Berg LLC,created,GBP,1599.21,319.84,1919.05,2025-09-11T04:33:04.704644Z
493,43064,"Blackburn, Singleton and Willis",invoiced,EUR,5347.68,1069.54,6417.22,2025-09-11T04:33:04.700109Z
494,92171,"Barker, Fields and Ware",paid,GBP,1045.33,209.07,1254.4,2025-09-11T04:33:04.716742Z
495,99725,Lopez PLC,paid,GBP,1.11,0.22,1.33,2025-09-11T04:33:04.709715Z
496,69175,Martinez-Bauer,paid,USD,6370.26,445.92,6816.18,2025-09-11T04:33:04.646362Z
497,44368,"Bernard, Whitaker and Cook",invoiced,GBP,39152.94,7830.59,46983.53,2025-09-11T04:33:06.051979Z
498,73183,Carr-Wright,invoiced,GBP,21136.0,4227.2,25363.2,2025-09-11T04:33:05.054151Z
499,24904,Christensen Group,confirmed,GBP,0.28,0.06,0.34,2025-09-11T04:33:05.161247Z
500,70503,"Lane, Scott and Avila",paid,GBP,599.6,119.92,719.52,2025-09-11T04:33:05.205716Z
501,93810,Fuller-Allen,paid,GBP,4257.0,851.4,5108.4,2025-09-11T04:33:05.193381Z
502,76257,Jackson-Bell,paid,USD,7280.07,509.6,7789.67,2025-09-11T04:33:05.170080Z
503,32408,Gomez and Sons,invoiced,EUR,4379.03,875.81,5254.84,2025-09-11T04:33:05.132233Z
504,70675,"Richardson, Smith and Franco",paid,USD,1276.96,89.39,1366.35,2025-09-11T04:33:05.117213Z
505,29609,Richard-Ramirez,paid,EUR,26552.0,5310.4,31862.4,2025-09-11T04:33:05.635269Z
506,74274,Reyes-Perry,paid,GBP,3.1,0.62,3.72,2025-09-11T04:33:06.837145Z
507,73197,"Johnston, Thomas and Rios",invoiced,GBP,4356.9,871.38,5228.28,2025-09-11T04:33:05.685377Z
508,81017,"Barnes, Jones and Green",paid,USD,378.15,26.47,404.62,2025-09-11T04:33:05.650600Z
509,65116,Pineda Ltd,confirmed,USD,3818.87,267.32,4086.19,2025-09-11T04:33:05.714978Z
510,99729,"Mitchell, Barnes and Rodriguez",paid,EUR,4158.08,831.62,4989.7,2025-09-11T04:33:05.629754Z
511,24216,Martinez-Sanchez,created,EUR,1276.0,255.2,1531.2,2025-09-11T04:33:05.667300Z
512,12488,Thomas-Preston,invoiced,GBP,3892.0,778.4,4670.4,2025-09-11T04:33:05.614967Z
513,12157,Anderson PLC,confirmed,EUR,2587.0,517.4,3104.4,2025-09-11T04:33:05.679248Z
514,56943,Chen and Sons,created,USD,2520.08,176.41,2696.49,2025-09-11T04:33:05.698858Z
515,31584,Frye-Hardin,confirmed,GBP,0.56,0.11,0.67,2025-09-11T04:33:05.911857Z
516,41203,"Norton, Cunningham and Serrano",invoiced,USD,813.22,56.93,870.15,2025-09-11T04:33:06.007941Z
517,66613,"Odom, Powell and Gonzalez",confirmed,USD,2.37,0.17,2.54,2025-09-11T04:33:05.974523Z
518,58720,"Kelly, Armstrong and Palmer",confirmed,EUR,10562.45,2112.49,12674.94,2025-09-11T04:33:06.107284Z
519,89095,Johnson-Rivera,invoiced,EUR,0.9,0.18,1.08,2025-09-11T04:33:06.040517Z
520,11781,Huynh Group,paid,EUR,1218.0,243.6,1461.6,2025-09-11T04:33:06.096790Z
521,23086,Garrison LLC,invoiced,EUR,52735.31,10547.06,63282.37,2025-09-11T04:33:06.101908Z
522,20045,Hughes PLC,created,USD,7562.78,529.39,8092.17,2025-09-11T04:33:06.035440Z
523,99642,"Zuniga, Ballard and Bennett",invoiced,EUR,6.2,1.24,7.44,2025-09-11T04:33:06.620073Z
524,39531,Ray Group,paid,EUR,31161.03,6232.21,37393.24,2025-09-11T04:33:06.657482Z
525,81511,Wells and Sons,confirmed,USD,2079.82,145.59,2225.41,2025-09-11T04:33:06.720172Z
526,30143,Lopez LLC,confirmed,GBP,1387.48,277.5,1664.98,2025-09-11T04:33:06.653348Z
527,66844,Rhodes-Nunez,paid,EUR,5445.0,1089.0,6534.0,2025-09-11T04:33:06.693881Z
528,17434,"Torres, Salas and Freeman",paid,EUR,4967.0,993.4,5960.4,2025-09-11T04:33:06.727397Z
529,95212,Manning and Sons,confirmed,GBP,1188.64,237.73,1426.37,2025-09-11T04:33:06.660644Z
530,53100,Francis PLC,paid,EUR,23171.41,4634.28,27805.69,2025-09-11T04:33:06.631614Z
531,99491,Chaney Group,confirmed,EUR,667.23,133.45,800.68,2025-09-11T04:33:06.690564Z
532,37483,"Montgomery, Davis and Freeman",paid,EUR,1782.0,356.4,2138.4,2025-09-11T04:33:06.650017Z
533,59493,Vazquez LLC,invoiced,EUR,12516.0,2503.2,15019.2,2025-09-11T04:33:06.687848Z
534,65351,"Gonzalez, Black and Wright",created,EUR,9355.4,1871.08,11226.48,2025-09-11T04:33:06.917093Z
535,28451,Myers-Fitzpatrick,created,GBP,0.31,0.06,0.37,2025-09-11T04:33:06.997812Z
536,35064,"Patel, Grimes and Smith",created,GBP,17578.0,3515.6,21093.6,2025-09-11T04:33:06.981855Z
537,68224,Walker Group,invoiced,USD,3564.0,249.48,3813.48,2025-09-11T04:33:07.055261Z
538,45497,Williams-Ross,paid,USD,16969.0,1187.83,18156.83,2025-09-11T04:33:06.988797Z
539,48871,Potter Ltd,invoiced,GBP,30363.06,6072.61,36435.67,2025-09-11T04:33:06.959832Z
540,90368,"Barnett, Johnson and Flores",paid,USD,4.4,0.31,4.71,2025-09-11T04:33:07.049600Z
541,57016,Mcdonald and Sons,confirmed,EUR,800.66,160.13,960.79,2025-09-11T04:33:07.759372Z
542,72988,Martin and Sons,paid,EUR,435.0,87.0,522.0,2025-09-11T04:33:07.731511Z
543,94141,Davis Ltd,paid,EUR,1364.19,272.84,1637.03,2025-09-11T04:33:07.715187Z
544,97231,Rodriguez-Carr,paid,GBP,2.01,0.4,2.41,2025-09-11T04:33:07.751308Z
545,38167,"Mcclain, Blackwell and Day",invoiced,EUR,2180.32,436.06,2616.38,2025-09-11T04:33:07.703879Z
546,11857,Sanders-English,invoiced,EUR,4557.36,911.47,5468.83,2025-09-11T04:33:07.738517Z
547,15944,Warner LLC,paid,USD,48508.0,3395.56,51903.56,2025-09-11T04:33:07.698584Z
548,14428,Wagner and Sons,invoiced,USD,397.97,27.86,425.83,2025-09-11T04:33:07.772906Z
549,94868,Harrison Ltd,confirmed,GBP,1.31,0.26,1.57,2025-09-11T04:33:09.172368Z
550,71858,Harris-Wood,created,GBP,12784.0,2556.8,15340.8,2025-09-11T04:33:07.785997Z
551,77129,"Powers, Montoya and Smith",paid,EUR,7363.05,1472.61,8835.66,2025-09-11T04:33:07.721518Z
552,12782,"Jones, Mason and Potter",paid,USD,0.78,0.05,0.83,2025-09-11T04:33:07.692982Z
553,71845,Gibson Group,confirmed,GBP,2.07,0.41,2.48,2025-09-11T04:33:09.183767Z
554,77550,Thompson-Ward,paid,GBP,29565.01,5913.0,35478.01,2025-09-11T04:33:08.049660Z
555,35342,Martin-Hoffman,paid,USD,15980.19,1118.61,17098.8,2025-09-11T04:33:08.032539Z
556,71967,Lutz PLC,invoiced,GBP,11188.11,2237.62,13425.73,2025-09-11T04:33:08.098808Z
557,13232,"Garcia, Grant and Schroeder",invoiced,EUR,7762.18,1552.44,9314.62,2025-09-11T04:33:08.084341Z
558,60674,Gardner-Stone,created,EUR,37520.0,7504.0,45024.0,2025-09-11T04:33:08.026299Z
559,12034,"Mckee, Salinas and Riddle",confirmed,USD,0.78,0.05,0.83,2025-09-11T04:33:08.715201Z
560,93682,Alvarez Group,invoiced,EUR,1189.49,237.9,1427.39,2025-09-11T04:33:08.636602Z
561,87669,"Gonzalez, Castro and Gonzalez",confirmed,EUR,986.0,197.2,1183.2,2025-09-11T04:33:08.652332Z
562,58451,"Melton, Khan and Wilson",confirmed,EUR,348.72,69.74,418.46,2025-09-11T04:33:08.673058Z
563,78418,"Booth, Turner and Smith",confirmed,GBP,38900.0,7780.0,46680.0,2025-09-11T04:33:10.021730Z
564,48184,Haynes Inc,created,USD,261.0,18.27,279.27,2025-09-11T04:33:08.661976Z
565,93162,Lang-Downs,paid,USD,0.08,0.01,0.09,2025-09-11T04:33:08.724479Z
566,73644,"Dorsey, Parker and Travis",created,GBP,4724.0,944.8,5668.8,2025-09-11T04:33:08.678232Z
567,28644,Alvarez-Boyer,invoiced,EUR,5050.64,1010.13,6060.77,2025-09-11T04:33:08.657023Z
568,23370,Medina Group,invoiced,USD,1598.0,111.86,1709.86,2025-09-11T04:33:08.667774Z
569,91155,"Brown, Brown and Baker",paid,EUR,31961.24,6392.25,38353.49,2025-09-11T04:33:10.735709Z
570,19993,Smith Inc,confirmed,GBP,1.83,0.37,2.2,2025-09-11T04:33:09.149217Z
571,30002,Delacruz-Montgomery,invoiced,USD,3862.2,270.35,4132.55,2025-09-11T04:33:09.226817Z
572,37953,Stark-Hill,created,GBP,0.2,0.04,0.24,2025-09-11T04:33:09.233055Z
573,95317,Bender-Brown,invoiced,GBP,4.02,0.8,4.82,2025-09-11T04:33:09.167327Z
574,50791,"Dunn, Garcia and Hall",confirmed,EUR,3.52,0.7,4.22,2025-09-11T04:33:09.190622Z
575,49964,"Durham, Trujillo and Pennington",confirmed,EUR,1386.0,277.2,1663.2,2025-09-11T04:33:09.239343Z
576,87018,Gonzalez-Watkins,confirmed,GBP,3.62,0.72,4.34,2025-09-11T04:33:09.244254Z
577,61331,Miles-Peterson,confirmed,EUR,2.72,0.54,3.26,2025-09-11T04:33:09.635630Z
578,48042,Lambert Ltd,invoiced,GBP,928.0,185.6,1113.6,2025-09-11T04:33:09.604377Z
579,51425,Colon-Bowen,created,EUR,1769.21,353.84,2123.05,2025-09-11T04:33:09.608905Z
580,78639,"Phillips, Guerra and Faulkner",invoiced,USD,2.54,0.18,2.72,2025-09-11T04:33:09.664514Z
581,10906,Mitchell Group,invoiced,GBP,1089.0,217.8,1306.8,2025-09-11T04:33:10.807263Z
582,36855,"Ewing, Randall and Greer",invoiced,GBP,0.18,0.04,0.22,2025-09-11T04:33:09.660077Z
583,80512,Roberts and Sons,paid,EUR,6172.13,1234.43,7406.56,2025-09-11T04:33:09.680425Z
584,88071,"King, Jones and Phillips",created,GBP,1189.33,237.87,1427.2,2025-09-11T04:33:09.683229Z
585,18181,Cortez and Sons,paid,GBP,2475.85,495.17,2971.02,2025-09-11T04:33:09.729219Z
586,45869,Wolf PLC,created,EUR,3383.0,676.6,4059.6,2025-09-11T04:33:09.696914Z
587,52672,Pearson PLC,created,USD,0.82,0.06,0.88,2025-09-11T04:33:09.905335Z
588,62669,Robinson-Meadows,created,GBP,3499.16,699.83,4198.99,2025-09-11T04:33:09.962321Z
589,25816,Schneider-Roberts,paid,USD,56887.0,3982.09,60869.09,2025-09-11T04:33:09.975288Z
590,13291,Ryan Group,created,USD,13712.72,959.89,14672.61,2025-09-11T04:33:11.208441Z
591,81917,Hunter-Ramos,confirmed,EUR,0.22,0.04,0.26,2025-09-11T04:33:10.000193Z
592,19519,Duffy-Martin,created,GBP,1029.0,205.8,1234.8,2025-09-11T04:33:10.016150Z
593,51341,Cooper-Glover,created,EUR,116.0,23.2,139.2,2025-09-11T04:33:10.040850Z
594,26484,Vega-Lee,invoiced,EUR,3747.0,749.4,4496.4,2025-09-11T04:33:10.092378Z
595,56613,Day-Simon,invoiced,USD,9751.0,682.57,10433.57,2025-09-11T04:33:10.645745Z
596,62988,Pennington and Sons,paid,USD,0.39,0.03,0.42,2025-09-11T04:33:10.681874Z
597,23307,Scott Inc,paid,EUR,725.79,145.16,870.95,2025-09-11T04:33:10.712306Z
598,23038,"Quinn, Holmes and Conley",created,USD,145.0,10.15,155.15,2025-09-11T04:33:10.694031Z
599,14353,Martinez-Hamilton,created,USD,8415.57,589.09,9004.66,2025-09-11T04:33:10.686999Z
600,44680,Chen-Hernandez,invoiced,USD,1.15,0.08,1.23,2025-09-11T04:33:10.767536Z
601,35253,"Bradley, Navarro and Rodriguez",created,USD,2.32,0.16,2.48,2025-09-11T04:33:10.690039Z
602,62596,Cook Ltd,confirmed,EUR,1990.0,398.0,2388.0,2025-09-11T04:33:10.696970Z
603,31600,"Carroll, Griffin and Lane",paid,USD,1.84,0.13,1.97,2025-09-11T04:33:10.702035Z
604,18403,Pruitt LLC,created,GBP,0.24,0.05,0.29,2025-09-11T04:33:11.020552Z
605,32573,"Morse, Payne and Garcia",created,GBP,398.0,79.6,477.6,2025-09-11T04:33:11.057392Z
606,17392,Wade-Keller,created,GBP,1.48,0.3,1.78,2025-09-11T04:33:11.106440Z
607,20252,Anderson Inc,created,GBP,146.84,29.37,176.21,2025-09-11T04:33:11.133959Z
608,27212,"Dyer, Mccarthy and Washington",confirmed,EUR,24925.0,4985.0,29910.0,2025-09-11T04:33:11.150496Z
609,92562,"Parker, Thompson and Holland",paid,EUR,146.54,29.31,175.85,2025-09-11T04:33:11.091443Z
610,68303,Parker-Ewing,invoiced,USD,1306.08,91.43,1397.51,2025-09-11T04:33:11.129053Z
611,81255,Soto-Ashley,created,USD,2.04,0.14,2.18,2025-09-11T04:33:11.078728Z
612,39506,Ayala PLC,paid,USD,9668.0,676.76,10344.76,2025-09-11T04:33:11.096603Z
613,46338,French PLC,invoiced,EUR,3.2,0.64,3.84,2025-09-11T04:33:11.718362Z
614,43272,Morrison and Sons,created,GBP,799.74,159.95,959.69,2025-09-11T04:33:11.738862Z
615,40287,Jones-Douglas,paid,GBP,0.08,0.02,0.1,2025-09-11T04:33:11.768275Z
616,13497,"West, Montoya and White",created,GBP,0.21,0.04,0.25,2025-09-11T04:33:13.149500Z
617,72079,Salas-Flores,created,USD,1194.0,83.58,1277.58,2025-09-11T04:33:11.732092Z
618,70260,"Vance, Alexander and Edwards",invoiced,GBP,0.22,0.04,0.26,2025-09-11T04:33:11.790899Z
619,76690,Singh Group,invoiced,USD,2.48,0.17,2.65,2025-09-11T04:33:11.711302Z
620,39283,Romero-Franklin,confirmed,EUR,30362.94,6072.59,36435.53,2025-09-11T04:33:11.793361Z
621,51195,"Hanson, Howard and Pitts",confirmed,EUR,755.07,151.01,906.08,2025-09-11T04:33:13.144237Z
622,48745,Pollard Group,invoiced,GBP,0.8,0.16,0.96,2025-09-11T04:33:11.684794Z
623,15930,Jackson-Brown,confirmed,USD,1334.0,93.38,1427.38,2025-09-11T04:33:11.692613Z
624,34798,Sanchez LLC,paid,GBP,8374.0,1674.8,10048.8,2025-09-11T04:33:11.764195Z
625,63591,George-Velazquez,confirmed,GBP,3.97,0.79,4.76,2025-09-11T04:33:12.022037Z
626,57903,Walker Ltd,created,EUR,91.14,18.23,109.37,2025-09-11T04:33:11.970883Z
627,42883,"Matthews, Martinez and Smith",invoiced,GBP,26367.0,5273.4,31640.4,2025-09-11T04:33:11.975340Z
628,62088,Pierce Ltd,confirmed,USD,19176.3,1342.34,20518.64,2025-09-11T04:33:11.996357Z
629,17075,Burns-Frost,confirmed,EUR,36754.0,7350.8,44104.8,2025-09-11T04:33:12.016869Z
630,69668,Middleton Inc,paid,USD,39077.28,2735.41,41812.69,2025-09-11T04:33:12.054128Z
631,47120,Bradford-Thompson,paid,GBP,3.54,0.71,4.25,2025-09-11T04:33:12.616471Z
632,58125,Arroyo Inc,confirmed,USD,2079.0,145.53,2224.53,2025-09-11T04:33:12.610343Z
633,15828,Mooney-Monroe,created,EUR,3184.0,636.8,3820.8,2025-09-11T04:33:12.769708Z
634,26742,Banks Inc,paid,EUR,4.96,0.99,5.95,2025-09-11T04:33:12.685731Z
635,55298,Strickland-Matthews,confirmed,EUR,17578.4,3515.68,21094.08,2025-09-11T04:33:12.739664Z
636,36188,Thompson PLC,confirmed,EUR,3980.57,796.11,4776.68,2025-09-11T04:33:12.727500Z
637,74363,Adams and Sons,confirmed,USD,3582.0,250.74,3832.74,2025-09-11T04:33:12.724701Z
638,92719,Kennedy LLC,confirmed,GBP,0.4,0.08,0.48,2025-09-11T04:33:13.792787Z
639,90515,Sutton-Thomas,created,EUR,1.84,0.37,2.21,2025-09-11T04:33:12.621411Z
640,12375,"Bryant, Brown and Wolf",paid,GBP,987.72,197.54,1185.26,2025-09-11T04:33:12.660745Z
641,60102,Silva Group,created,EUR,13533.13,2706.63,16239.76,2025-09-11T04:33:12.916127Z
642,96567,Grimes-Wagner,invoiced,USD,990.0,69.3,1059.3,2025-09-11T04:33:12.931097Z
643,82170,Gallagher-Peterson,confirmed,GBP,4059.64,811.93,4871.57,2025-09-11T04:33:12.913638Z
644,73649,Reynolds-Rodriguez,confirmed,EUR,7988.07,1597.61,9585.68,2025-09-11T04:33:13.000941Z
645,35842,"Hernandez, Parsons and Campbell",created,GBP,3366.14,673.23,4039.37,2025-09-11T04:33:13.046271Z
646,85061,"French, Simon and Gilbert",paid,EUR,799.52,159.9,959.42,2025-09-11T04:33:13.088669Z
647,96321,"Reed, Jones and Reyes",confirmed,EUR,991.44,198.29,1189.73,2025-09-11T04:33:13.135823Z
648,94148,Duncan PLC,created,GBP,4978.12,995.62,5973.74,2025-09-11T04:33:13.071099Z
649,57021,Kelly PLC,paid,USD,1392.05,97.44,1489.49,2025-09-11T04:33:13.640745Z
650,51144,"Sutton, Beard and Cole",created,USD,0.16,0.01,0.17,2025-09-11T04:33:13.715786Z
651,15724,"Anderson, Johnson and Holt",created,USD,8757.01,612.99,9370.0,2025-09-11T04:33:15.107581Z
652,28858,"Lane, Schmidt and Allison",invoiced,GBP,0.41,0.08,0.49,2025-09-11T04:33:13.726968Z
653,74661,"Jackson, Camacho and Ramos",created,USD,1486.15,104.03,1590.18,2025-09-11T04:33:16.288430Z
654,96487,"Cruz, Edwards and Fields",confirmed,GBP,175.6,35.12,210.72,2025-09-11T04:33:13.723079Z
655,14756,Mitchell Inc,confirmed,GBP,1450.0,290.0,1740.0,2025-09-11T04:33:13.738957Z
656,97242,"Jennings, Duncan and Williams",paid,GBP,21574.72,4314.94,25889.66,2025-09-11T04:33:13.712946Z
657,88005,Mccormick-Stewart,created,EUR,16240.0,3248.0,19488.0,2025-09-11T04:33:13.679327Z
658,30037,Brown-Stone,invoiced,GBP,33917.0,6783.4,40700.4,2025-09-11T04:33:13.709639Z
659,48296,Lee-Malone,paid,GBP,4547.8,909.56,5457.36,2025-09-11T04:33:13.698751Z
660,12114,"Davidson, Gray and Rivers",confirmed,EUR,1421.0,284.2,1705.2,2025-09-11T04:33:13.827546Z
661,32905,Collins-Miller,created,GBP,5174.77,1034.95,6209.72,2025-09-11T04:33:13.939831Z
662,93177,Johnson LLC,paid,EUR,1.27,0.25,1.52,2025-09-11T04:33:13.979136Z
663,90547,Ramos Ltd,created,GBP,10234.83,2046.97,12281.8,2025-09-11T04:33:14.019925Z
664,77433,Mahoney-Garner,invoiced,USD,1.11,0.08,1.19,2025-09-11T04:33:14.031621Z
665,78321,"Perez, Wallace and Perez",invoiced,GBP,4059.0,811.8,4870.8,2025-09-11T04:33:14.025813Z
666,69784,Hamilton-Mason,paid,GBP,18154.0,3630.8,21784.8,2025-09-11T04:33:14.037530Z
667,23523,"Hamilton, Butler and Collins",confirmed,EUR,1045.26,209.05,1254.31,2025-09-11T04:33:14.619485Z
668,70558,Smith and Sons,confirmed,GBP,6567.0,1313.4,7880.4,2025-09-11T04:33:14.756109Z
669,49566,"Meyer, Schneider and Turner",paid,EUR,19176.0,3835.2,23011.2,2025-09-11T04:33:14.640851Z
670,84047,Mclaughlin-Gutierrez,paid,USD,3664.04,256.48,3920.52,2025-09-11T04:33:14.665947Z
671,87003,Wall Ltd,invoiced,USD,38147.0,2670.29,40817.29,2025-09-11T04:33:14.613161Z
672,12332,Lewis and Sons,paid,GBP,22401.09,4480.22,26881.31,2025-09-11T04:33:14.695916Z
673,79432,Griffin-Lopez,created,GBP,495.0,99.0,594.0,2025-09-11T04:33:14.752908Z
674,63199,Miller and Sons,invoiced,USD,3.76,0.26,4.02,2025-09-11T04:33:14.719134Z
675,37071,Sullivan-Avery,confirmed,GBP,5575.53,1115.11,6690.64,2025-09-11T04:33:16.012096Z
676,13936,"Dean, Francis and Kelley",created,GBP,3.79,0.76,4.55,2025-09-11T04:33:14.766967Z
677,92493,Schneider Ltd,paid,EUR,21573.0,4314.6,25887.6,2025-09-11T04:33:14.903713Z
678,24385,Smith-Fuentes,confirmed,USD,4776.0,334.32,5110.32,2025-09-11T04:33:14.928395Z
679,95617,"Schmidt, Hughes and Gomez",confirmed,EUR,0.29,0.06,0.35,2025-09-11T04:33:14.999792Z
680,90278,York-Anderson,paid,EUR,4794.0,958.8,5752.8,2025-09-11T04:33:15.012213Z
681,64237,"Stewart, Lowery and Osborne",invoiced,GBP,200.36,40.07,240.43,2025-09-11T04:33:15.069660Z
682,79329,Gonzalez Inc,paid,USD,2475.1,173.26,2648.36,2025-09-11T04:33:15.089765Z
683,62098,Ramirez and Sons,invoiced,GBP,0.29,0.06,0.35,2025-09-11T04:33:15.150781Z
684,60849,"Munoz, Galvan and Ryan",paid,EUR,0.41,0.08,0.49,2025-09-11T04:33:15.118721Z
685,49003,Sanchez LLC,confirmed,USD,17579.11,1230.54,18809.65,2025-09-11T04:33:17.095979Z
686,78881,"Carter, Carter and Franco",paid,USD,0.98,0.07,1.05,2025-09-11T04:33:15.719475Z
687,63164,Carson Group,paid,EUR,52892.0,10578.4,63470.4,2025-09-11T04:33:15.631700Z
688,45107,Montes-Wright,created,EUR,2379.12,475.82,2854.94,2025-09-11T04:33:15.663535Z
689,89752,Shields Inc,confirmed,USD,4794.66,335.63,5130.29,2025-09-11T04:33:15.668824Z
690,52797,"Ford, White and Cortez",paid,USD,3565.5,249.59,3815.09,2025-09-11T04:33:17.120791Z
691,29672,Garcia LLC,paid,USD,232.0,16.24,248.24,2025-09-11T04:33:15.636022Z
692,13108,"Giles, Anderson and Gibson",paid,USD,9751.33,682.59,10433.92,2025-09-11T04:33:15.691888Z
693,73151,Perkins LLC,created,GBP,0.71,0.14,0.85,2025-09-11T04:33:17.088261Z
694,71670,Townsend-Garcia,confirmed,EUR,377.0,75.4,452.4,2025-09-11T04:33:15.642039Z
695,53440,"Sanchez, Atkins and Kelley",created,EUR,0.66,0.13,0.79,2025-09-11T04:33:16.049262Z
696,31980,Hogan Ltd,paid,EUR,0.97,0.19,1.16,2025-09-11T04:33:16.087711Z
697,27928,"Brown, Mejia and Fuentes",invoiced,USD,4378.99,306.53,4685.52,2025-09-11T04:33:16.063402Z
698,57386,Rangel-Gonzales,paid,GBP,4357.52,871.5,5229.02,2025-09-11T04:33:16.082081Z
699,58107,Pruitt Ltd,confirmed,USD,9951.88,696.63,10648.51,2025-09-11T04:33:16.021851Z
700,31786,West and Sons,paid,USD,7367.32,515.71,7883.03,2025-09-11T04:33:16.054395Z
701,46645,Garcia-Buchanan,invoiced,EUR,4.31,0.86,5.17,2025-09-11T04:33:16.103606Z
702,24180,Johnson LLC,invoiced,EUR,2973.2,594.64,3567.84,2025-09-11T04:33:16.154169Z
703,16570,Moore-Bonilla,created,GBP,22372.12,4474.42,26846.54,2025-09-11T04:33:16.653569Z
704,91609,Robbins-Knight,confirmed,EUR,2.87,0.57,3.44,2025-09-11T04:33:16.665140Z
705,44004,Phillips Ltd,paid,USD,0.24,0.02,0.26,2025-09-11T04:33:16.648482Z
706,91869,Alvarado-Moss,created,EUR,31599.04,6319.81,37918.85,2025-09-11T04:33:16.639439Z
707,12312,"Chen, Rogers and Goodman",invoiced,USD,174.14,12.19,186.33,2025-09-11T04:33:16.621711Z
708,26306,"Decker, Newman and Carter",confirmed,EUR,1247.0,249.4,1496.4,2025-09-11T04:33:16.684105Z
709,80013,"Adams, Wright and Jackson",confirmed,EUR,116.0,23.2,139.2,2025-09-11T04:33:18.018639Z
710,59883,"Hawkins, Vazquez and Gonzales",invoiced,EUR,1194.0,238.8,1432.8,2025-09-11T04:33:18.037480Z
711,90576,Long-Coleman,invoiced,EUR,2475.0,495.0,2970.0,2025-09-11T04:33:16.670274Z
712,48209,"Porter, Miller and Simmons",created,USD,23171.0,1621.97,24792.97,2025-09-11T04:33:16.945310Z
713,61131,"Mitchell, Mendoza and Powell",paid,GBP,1.84,0.37,2.21,2025-09-11T04:33:17.046939Z
714,25347,Lynn Inc,created,EUR,4.0,0.8,4.8,2025-09-11T04:33:17.063518Z
715,77260,Hernandez and Sons,confirmed,EUR,0.12,0.02,0.14,2025-09-11T04:33:17.155431Z
716,31440,Harmon-Wright,paid,EUR,28355.21,5671.04,34026.25,2025-09-11T04:33:17.092045Z
717,41216,"Hernandez, Carrillo and Perez",paid,EUR,58.0,11.6,69.6,2025-09-11T04:33:17.162854Z
718,44113,"Walker, Washington and Anderson",confirmed,USD,8789.0,615.23,9404.23,2025-09-11T04:33:17.147627Z
719,46227,"Rodriguez, White and Campbell",created,EUR,1.07,0.21,1.28,2025-09-11T04:33:18.327497Z
720,30372,Adkins Group,invoiced,EUR,8756.26,1751.25,10507.51,2025-09-11T04:33:17.227531Z
721,30103,"Gutierrez, Hodges and Cooper",created,GBP,1.6,0.32,1.92,2025-09-11T04:33:17.610586Z
722,90006,"Hernandez, Torres and Patel",confirmed,GBP,3.52,0.7,4.22,2025-09-11T04:33:17.606143Z
723,81119,Harris and Sons,created,GBP,0.33,0.07,0.4,2025-09-11T04:33:17.644063Z
724,48074,Love Ltd,confirmed,EUR,1592.0,318.4,1910.4,2025-09-11T04:33:17.633262Z
725,21207,Williams-Spencer,created,USD,26367.6,1845.73,28213.33,2025-09-11T04:33:17.530055Z
726,44515,Mullen-Ortiz,paid,GBP,51136.12,10227.22,61363.34,2025-09-11T04:33:17.601647Z
727,79196,Stone Ltd,invoiced,GBP,7128.0,1425.6,8553.6,2025-09-11T04:33:17.583022Z
728,15323,Foley-Dawson,created,GBP,1422.37,284.47,1706.84,2025-09-11T04:33:17.637774Z
729,52896,Lane-Davis,paid,EUR,26367.23,5273.45,31640.68,2025-09-11T04:33:17.616408Z
730,49749,Williamson PLC,paid,USD,3267.0,228.69,3495.69,2025-09-11T04:33:17.720488Z
731,19096,"Herrera, Olsen and Garcia",paid,GBP,2.14,0.43,2.57,2025-09-11T04:33:18.012502Z
732,96803,Gates Ltd,invoiced,EUR,21573.0,4314.6,25887.6,2025-09-11T04:33:18.069982Z
733,64643,"Hayes, Saunders and Hernandez",invoiced,EUR,13930.11,2786.02,16716.13,2025-09-11T04:33:18.101558Z
734,99142,French-Pennington,confirmed,GBP,0.53,0.11,0.64,2025-09-11T04:33:18.082205Z
735,65805,Johnson Group,confirmed,GBP,3564.82,712.96,4277.78,2025-09-11T04:33:18.126313Z
736,43160,Jones Group,created,USD,1.65,0.12,1.77,2025-09-11T04:33:18.173554Z
737,10364,"Lopez, Lopez and Lee",paid,GBP,9634.0,1926.8,11560.8,2025-09-11T04:33:18.044735Z
738,31468,Scott and Sons,confirmed,GBP,1.6,0.32,1.92,2025-09-11T04:33:18.167638Z
739,35534,"Holt, Mendoza and Lopez",invoiced,USD,3953.9,276.77,4230.67,2025-09-11T04:33:20.043400Z
740,85342,Wilkinson LLC,confirmed,USD,2178.0,152.46,2330.46,2025-09-11T04:33:18.719722Z
741,38945,"Hardy, Smith and Fisher",created,GBP,9154.0,1830.8,10984.8,2025-09-11T04:33:18.732011Z
742,64408,Taylor-Aguilar,created,GBP,0.21,0.04,0.25,2025-09-11T04:33:18.765539Z
743,47229,"Proctor, Johnson and Coleman",created,GBP,1189.0,237.8,1426.8,2025-09-11T04:33:18.770042Z
744,50497,"Roth, Meyer and Guerra",confirmed,EUR,28155.0,5631.0,33786.0,2025-09-11T04:33:18.674476Z
745,38912,"Contreras, Richardson and Whitehead",confirmed,GBP,3722.07,744.41,4466.48,2025-09-11T04:33:18.728660Z
746,65547,"Moore, Gibbs and Cunningham",created,EUR,5970.63,1194.13,7164.76,2025-09-11T04:33:22.736798Z
747,49128,"Wilson, West and Roberts",invoiced,EUR,796.92,159.38,956.3,2025-09-11T04:33:18.756126Z
748,19369,Herring LLC,paid,EUR,36461.0,7292.2,43753.2,2025-09-11T04:33:18.681372Z
749,69757,"Davenport, Fischer and Jackson",confirmed,GBP,1044.0,208.8,1252.8,2025-09-11T04:33:18.740626Z
750,52822,Taylor-Allen,paid,EUR,4378.52,875.7,5254.22,2025-09-11T04:33:18.735843Z
751,78157,Davies LLC,created,GBP,3995.0,799.0,4794.0,2025-09-11T04:33:18.892299Z
752,77690,"Johnson, Kent and Long",paid,GBP,495.0,99.0,594.0,2025-09-11T04:33:20.088180Z
753,57824,Hendricks LLC,paid,EUR,297.0,59.4,356.4,2025-09-11T04:33:19.020382Z
754,33511,"Jimenez, Taylor and Henson",invoiced,USD,0.5,0.04,0.54,2025-09-11T04:33:18.980168Z
755,78326,Cook-Brown,created,EUR,2639.0,527.8,3166.8,2025-09-11T04:33:18.953566Z
756,70187,Williamson-Franklin,invoiced,USD,1.14,0.08,1.22,2025-09-11T04:33:18.985764Z
757,61955,"Lopez, Lee and Cervantes",invoiced,GBP,1247.0,249.4,1496.4,2025-09-11T04:33:19.668284Z
758,53421,Cervantes PLC,paid,USD,2.57,0.18,2.75,2025-09-11T04:33:20.929808Z
759,17739,"Jones, Velazquez and Logan",paid,USD,0.69,0.05,0.74,2025-09-11T04:33:21.061784Z
760,27586,Atkins Inc,invoiced,GBP,799.0,159.8,958.8,2025-09-11T04:33:19.690541Z
761,39496,"Norman, Walker and Scott",paid,GBP,4794.0,958.8,5752.8,2025-09-11T04:33:19.662290Z
762,93240,Zavala-Price,paid,EUR,28766.59,5753.32,34519.91,2025-09-11T04:33:19.615735Z
763,91371,Waller Inc,created,EUR,5941.08,1188.22,7129.3,2025-09-11T04:33:19.696921Z
764,97588,Jones Group,invoiced,EUR,26368.56,5273.71,31642.27,2025-09-11T04:33:20.953219Z
765,14389,Sanchez-Hill,paid,USD,0.05,0.0,0.05,2025-09-11T04:33:21.033865Z
766,46492,Bailey LLC,invoiced,GBP,0.56,0.11,0.67,2025-09-11T04:33:19.795178Z
767,24063,Soto and Sons,confirmed,USD,4653.0,325.71,4978.71,2025-09-11T04:33:19.996306Z
768,21464,Bryant-Mosley,confirmed,GBP,2248.84,449.77,2698.61,2025-09-11T04:33:21.256341Z
769,11502,Bishop Inc,confirmed,EUR,26629.0,5325.8,31954.8,2025-09-11T04:33:20.062105Z
770,59961,Meadows Group,confirmed,EUR,2475.14,495.03,2970.17,2025-09-11T04:33:20.071367Z
771,59192,Thompson Group,invoiced,USD,3.12,0.22,3.34,2025-09-11T04:33:20.165366Z
772,23700,"Rivera, Williams and Thomas",invoiced,USD,0.13,0.01,0.14,2025-09-11T04:33:20.187458Z
773,32537,Powers-Klein,paid,EUR,4855.84,971.17,5827.01,2025-09-11T04:33:20.293319Z
774,49547,Wilson PLC,confirmed,GBP,1161.68,232.34,1394.02,2025-09-11T04:33:20.311625Z
775,73741,Ibarra Ltd,confirmed,EUR,27730.7,5546.14,33276.84,2025-09-11T04:33:21.702519Z
776,69047,"Luna, Kim and Kennedy",invoiced,EUR,0.09,0.02,0.11,2025-09-11T04:33:20.371811Z
777,40059,Griffin-Richardson,created,EUR,1103.15,220.63,1323.78,2025-09-11T04:33:20.391938Z
778,15576,Anderson-Mora,confirmed,USD,580.0,40.6,620.6,2025-09-11T04:33:20.458232Z
779,83810,"Trujillo, Thompson and Huffman",paid,EUR,1.75,0.35,2.1,2025-09-11T04:33:20.433882Z
780,36435,"Roman, Copeland and Schmitt",paid,GBP,4580.45,916.09,5496.54,2025-09-11T04:33:20.486709Z
781,38013,Morales LLC,created,EUR,2717.48,543.5,3260.98,2025-09-11T04:33:20.482934Z
782,97701,King PLC,created,EUR,18377.0,3675.4,22052.4,2025-09-11T04:33:20.568060Z
783,82024,"Brennan, Gonzalez and Powell",invoiced,EUR,873.1,174.62,1047.72,2025-09-11T04:33:20.623674Z
784,66729,"Johnson, Wright and Torres",paid,GBP,1.03,0.21,1.24,2025-09-11T04:33:22.042029Z
785,77541,Barrera Group,invoiced,GBP,1451.07,290.21,1741.28,2025-09-11T04:33:20.660704Z
786,58521,Klein Ltd,invoiced,EUR,5970.0,1194.0,7164.0,2025-09-11T04:33:20.656779Z
787,50156,Chen-Hernandez,confirmed,EUR,0.34,0.07,0.41,2025-09-11T04:33:20.733990Z
788,86895,Peck-Smith,invoiced,GBP,2871.25,574.25,3445.5,2025-09-11T04:33:20.994707Z
789,72739,"Little, Henry and Myers",paid,EUR,6771.17,1354.23,8125.4,2025-09-11T04:33:21.023092Z
790,93824,"Roberts, Reese and Freeman",paid,GBP,6147.16,1229.43,7376.59,2025-09-11T04:33:21.017673Z
791,98526,Wheeler and Sons,invoiced,USD,2279.05,159.53,2438.58,2025-09-11T04:33:21.057867Z
792,84905,"Deleon, Choi and Hicks",invoiced,USD,20738.69,1451.71,22190.4,2025-09-11T04:33:21.093276Z
793,90297,"Adams, Patel and Horton",invoiced,USD,796.0,55.72,851.72,2025-09-11T04:33:21.630499Z
794,50325,Boyd LLC,created,GBP,3.3,0.66,3.96,2025-09-11T04:33:21.656359Z
795,62531,Simpson-Phillips,confirmed,GBP,38048.32,7609.66,45657.98,2025-09-11T04:33:22.911911Z
796,83550,Olson-Williamson,confirmed,USD,610.3,42.72,653.02,2025-09-11T04:33:21.613032Z
797,88018,Martinez-Mendoza,paid,EUR,348.0,69.6,417.6,2025-09-11T04:33:21.621957Z
798,63932,Patterson-Russell,paid,EUR,2786.05,557.21,3343.26,2025-09-11T04:33:21.712804Z
799,34963,"Gray, Smith and White",invoiced,GBP,19975.0,3995.0,23970.0,2025-09-11T04:33:23.155418Z
800,97996,Dodson-Williams,paid,GBP,0.57,0.11,0.68,2025-09-11T04:33:21.646782Z
801,23780,Kelly Group,paid,USD,5373.0,376.11,5749.11,2025-09-11T04:33:21.688158Z
802,81912,Pierce LLC,confirmed,EUR,21573.0,4314.6,25887.6,2025-09-11T04:33:21.883670Z
803,24309,Freeman Group,invoiced,EUR,1.76,0.35,2.11,2025-09-11T04:33:21.920774Z
804,72767,"Stevens, Mullen and Conley",invoiced,GBP,31962.71,6392.54,38355.25,2025-09-11T04:33:22.047608Z
805,74761,Atkinson Inc,confirmed,USD,0.18,0.01,0.19,2025-09-11T04:33:22.036835Z
806,69763,Knight PLC,invoiced,EUR,7164.0,1432.8,8596.8,2025-09-11T04:33:22.006355Z
807,58176,"Garcia, Martin and Lara",paid,EUR,2.05,0.41,2.46,2025-09-11T04:33:22.052571Z
808,57760,Santos-Le,paid,EUR,2283.02,456.6,2739.62,2025-09-11T04:33:22.064739Z
809,16592,Lopez-Norton,paid,USD,7761.0,543.27,8304.27,2025-09-11T04:33:22.031996Z
810,85186,Humphrey-Martin,paid,EUR,3765.08,753.02,4518.1,2025-09-11T04:33:22.136136Z
811,21935,Estes PLC,invoiced,USD,551.0,38.57,589.57,2025-09-11T04:33:22.690118Z
812,14106,Austin-Espinoza,confirmed,EUR,20990.0,4198.0,25188.0,2025-09-11T04:33:24.012857Z
813,26488,Mcbride Ltd,invoiced,USD,0.31,0.02,0.33,2025-09-11T04:33:22.685112Z
814,88764,Summers and Sons,created,EUR,32311.0,6462.2,38773.2,2025-09-11T04:33:22.676152Z
815,11669,Williams-Parker,created,GBP,727.56,145.51,873.07,2025-09-11T04:33:24.106273Z
816,30995,"Rodriguez, Jenkins and Davis",confirmed,EUR,7762.03,1552.41,9314.44,2025-09-11T04:33:22.671342Z
817,26714,"Flores, Whitaker and King",paid,GBP,1.89,0.38,2.27,2025-09-11T04:33:22.719864Z
818,71591,"Flores, Ferguson and Briggs",invoiced,GBP,8051.04,1610.21,9661.25,2025-09-11T04:33:22.696094Z
819,57694,Anderson LLC,invoiced,GBP,1683.0,336.6,2019.6,2025-09-11T04:33:24.098350Z
820,38389,Rangel-Henry,paid,USD,8558.44,599.09,9157.53,2025-09-11T04:33:24.274923Z
821,84749,"Riggs, Torres and Ward",created,EUR,1189.02,237.8,1426.82,2025-09-11T04:33:23.075228Z
822,24910,Morris-Chandler,invoiced,USD,0.13,0.01,0.14,2025-09-11T04:33:23.187996Z
823,54087,"Harrell, Martin and Davis",invoiced,USD,0.82,0.06,0.88,2025-09-11T04:33:23.079479Z
824,94523,Gardner Inc,created,GBP,7990.21,1598.04,9588.25,2025-09-11T04:33:23.177263Z
825,45451,"Rowland, Carter and Lloyd",confirmed,USD,0.78,0.05,0.83,2025-09-11T04:33:24.551741Z
826,82522,"King, Kelly and Thomas",invoiced,GBP,27166.0,5433.2,32599.2,2025-09-11T04:33:23.094378Z
827,56780,Freeman-Williams,paid,GBP,6169.0,1233.8,7402.8,2025-09-11T04:33:23.201890Z
828,36060,Cummings and Sons,invoiced,USD,1121.0,78.47,1199.47,2025-09-11T04:33:23.246035Z
829,37032,Ruiz-Lee,confirmed,EUR,696.0,139.2,835.2,2025-09-11T04:33:23.570837Z
830,23855,"Gill, Hill and Meyers",invoiced,USD,59126.0,4138.82,63264.82,2025-09-11T04:33:23.697292Z
831,30627,Lozano-Chen,invoiced,EUR,2.28,0.46,2.74,2025-09-11T04:33:23.528137Z
832,95506,"Rogers, Hart and Perez",confirmed,GBP,2081.44,416.29,2497.73,2025-09-11T04:33:23.525581Z
833,84334,"Roberts, Ray and Rodriguez",invoiced,EUR,0.04,0.01,0.05,2025-09-11T04:33:23.539266Z
834,48719,Walker and Sons,confirmed,GBP,19978.91,3995.78,23974.69,2025-09-11T04:33:23.617132Z
835,90876,"Bean, Walton and Haynes",paid,USD,8756.0,612.92,9368.92,2025-09-11T04:33:23.657102Z
836,63442,Hansen Ltd,paid,EUR,1089.0,217.8,1306.8,2025-09-11T04:33:23.808229Z
837,82819,Wallace-Aguirre,created,GBP,1287.24,257.45,1544.69,2025-09-11T04:33:23.801700Z
838,76592,"Morris, Bush and Grimes",paid,USD,3.36,0.24,3.6,2025-09-11T04:33:23.832360Z
839,91070,Combs Ltd,invoiced,EUR,1044.35,208.87,1253.22,2025-09-11T04:33:25.082393Z
840,37178,Bryant-Charles,created,GBP,4.67,0.93,5.6,2025-09-11T04:33:23.960862Z
841,85718,"Horton, George and Lewis",invoiced,EUR,58016.0,11603.2,69619.2,2025-09-11T04:33:24.010088Z
842,18716,Thompson-Miller,confirmed,GBP,1588.02,317.6,1905.62,2025-09-11T04:33:24.023246Z
843,97214,"Meyer, Padilla and Warner",created,USD,29.0,2.03,31.03,2025-09-11T04:33:24.149613Z
844,94554,"Mills, Osborn and Rodriguez",paid,EUR,2.5,0.5,3.0,2025-09-11T04:33:24.120502Z
845,17346,Wong-Schmidt,created,USD,1.13,0.08,1.21,2025-09-11T04:33:24.092098Z
846,23410,Freeman and Sons,invoiced,USD,4752.15,332.65,5084.8,2025-09-11T04:33:24.129307Z
847,61058,White-Kirk,paid,GBP,4776.0,955.2,5731.2,2025-09-11T04:33:24.733844Z
848,68313,Brock-Buck,invoiced,USD,22372.25,1566.06,23938.31,2025-09-11T04:33:24.720995Z
849,10390,"Brown, Guerrero and Frye",invoiced,USD,3.92,0.27,4.19,2025-09-11T04:33:24.689231Z
850,74757,Davis-Pearson,invoiced,GBP,2277.32,455.46,2732.78,2025-09-11T04:33:24.671111Z
851,85996,Graves-Bryant,paid,EUR,1882.44,376.49,2258.93,2025-09-11T04:33:24.684185Z
852,90739,Reynolds Group,invoiced,EUR,88.76,17.75,106.51,2025-09-11T04:33:24.703522Z
853,63046,Boyer-Garner,invoiced,GBP,986.41,197.28,1183.69,2025-09-11T04:33:24.697354Z
854,56363,Hardy-Mason,confirmed,GBP,2708.08,541.62,3249.7,2025-09-11T04:33:24.660139Z
855,42650,Moore-Newton,paid,USD,1.04,0.07,1.11,2025-09-11T04:33:24.727088Z
856,38476,Saunders Inc,confirmed,GBP,9555.76,1911.15,11466.91,2025-09-11T04:33:26.069972Z
857,73115,"Neal, Clarke and Lambert",confirmed,EUR,1.27,0.25,1.52,2025-09-11T04:33:24.713597Z
858,79361,"Davis, Moore and Oneill",paid,GBP,1073.41,214.68,1288.09,2025-09-11T04:33:24.987935Z
859,85033,Martinez Ltd,created,GBP,3565.92,713.18,4279.1,2025-09-11T04:33:25.092837Z
860,28119,Contreras Inc,invoiced,EUR,696.56,139.31,835.87,2025-09-11T04:33:26.248012Z
861,68470,Sexton-Williams,created,USD,2.06,0.14,2.2,2025-09-11T04:33:25.034432Z
862,84054,"Harris, Mason and Wiggins",created,EUR,3663.0,732.6,4395.6,2025-09-11T04:33:25.027752Z
863,86217,Ryan-Horne,invoiced,EUR,3366.0,673.2,4039.2,2025-09-11T04:33:25.044997Z
864,50080,Johnson-Frazier,invoiced,USD,1624.0,113.68,1737.68,2025-09-11T04:33:25.039748Z
865,62456,"Peters, Mckenzie and Alexander",invoiced,GBP,32243.0,6448.6,38691.6,2025-09-11T04:33:25.596713Z
866,25439,Smith LLC,created,EUR,37553.0,7510.6,45063.6,2025-09-11T04:33:25.655347Z
867,27433,"Stevens, Mata and Carrillo",confirmed,GBP,46342.9,9268.58,55611.48,2025-09-11T04:33:25.689229Z
868,62649,Murphy PLC,created,GBP,1.2,0.24,1.44,2025-09-11T04:33:25.684571Z
869,64210,"Sanders, Jensen and Bryant",paid,USD,20774.0,1454.18,22228.18,2025-09-11T04:33:25.696575Z
870,42079,Wallace-Wood,created,USD,4386.4,307.05,4693.45,2025-09-11T04:33:25.703437Z
871,55597,"Valencia, Rosales and Cortez",created,EUR,34457.39,6891.48,41348.87,2025-09-11T04:33:25.711665Z
872,81744,Anderson-Jordan,created,EUR,18261.0,3652.2,21913.2,2025-09-11T04:33:25.679847Z
873,28466,"Knight, Torres and Mullen",paid,USD,3762.27,263.36,4025.63,2025-09-11T04:33:27.100652Z
874,78074,Gomez Inc,invoiced,EUR,6170.65,1234.13,7404.78,2025-09-11T04:33:25.640823Z
875,75970,Adkins-Trujillo,invoiced,GBP,1.08,0.22,1.3,2025-09-11T04:33:25.767009Z
876,12821,"Green, Fisher and Miller",paid,EUR,1103.41,220.68,1324.09,2025-09-11T04:33:25.971596Z
877,38982,Bruce-Oneill,confirmed,USD,0.35,0.02,0.37,2025-09-11T04:33:27.139144Z
878,81248,"Campbell, Atkins and Peterson",invoiced,EUR,1131.33,226.27,1357.6,2025-09-11T04:33:26.048829Z
879,20189,"Cox, Gaines and Lopez",created,USD,2081.56,145.71,2227.27,2025-09-11T04:33:27.272636Z
880,23931,Gross Ltd,paid,EUR,5.34,1.07,6.41,2025-09-11T04:33:26.055000Z
881,97751,Jackson-West,invoiced,USD,146.08,10.23,156.31,2025-09-11T04:33:26.132799Z
882,11531,"May, Braun and Taylor",created,EUR,3.38,0.68,4.06,2025-09-11T04:33:26.113601Z
883,82900,Martin PLC,confirmed,GBP,3.82,0.76,4.58,2025-09-11T04:33:26.647162Z
884,98718,Cameron Group,created,USD,1.11,0.08,1.19,2025-09-11T04:33:26.558154Z
885,58336,Meza-Olsen,created,EUR,11172.29,2234.46,13406.75,2025-09-11T04:33:26.613084Z
886,35037,"Hansen, Martinez and Evans",invoiced,USD,2576.56,180.36,2756.92,2025-09-11T04:33:26.660790Z
887,74785,Freeman-Gonzalez,confirmed,EUR,2079.0,415.8,2494.8,2025-09-11T04:33:26.665009Z
888,20465,Silva-Moon,confirmed,EUR,8764.0,1752.8,10516.8,2025-09-11T04:33:26.610444Z
889,93714,"Mcbride, Young and Miller",created,GBP,1.2,0.24,1.44,2025-09-11T04:33:26.573679Z
890,16340,Campbell-Adams,created,EUR,0.13,0.03,0.16,2025-09-11T04:33:26.562071Z
891,93275,Hill-Young,invoiced,EUR,26134.0,5226.8,31360.8,2025-09-11T04:33:26.637066Z
892,39635,Beck-Whitaker,created,USD,3465.83,242.61,3708.44,2025-09-11T04:33:26.848471Z
893,76032,Clark-Guerrero,paid,USD,2038.64,142.7,2181.34,2025-09-11T04:33:26.844901Z
894,67992,Campbell-Frazier,invoiced,EUR,1.93,0.39,2.32,2025-09-11T04:33:28.134118Z
895,94926,Simmons PLC,confirmed,GBP,2.32,0.46,2.78,2025-09-11T04:33:26.955134Z
896,36053,"Wilson, Morris and Mccoy",created,GBP,1.72,0.34,2.06,2025-09-11T04:33:27.033701Z
897,16269,Potter Group,paid,GBP,1.91,0.38,2.29,2025-09-11T04:33:27.064999Z
898,64819,Miller Inc,paid,USD,1782.0,124.74,1906.74,2025-09-11T04:33:27.049016Z
899,26951,Harmon Ltd,invoiced,EUR,1413.0,282.6,1695.6,2025-09-11T04:33:28.344348Z
900,91800,Brooks Inc,confirmed,GBP,61396.0,12279.2,73675.2,2025-09-11T04:33:27.056477Z
901,66520,"Phillips, Silva and Cruz",confirmed,USD,725.79,50.81,776.6,2025-09-11T04:33:27.645050Z
902,45776,"Walters, Castillo and Lawrence",confirmed,GBP,2.64,0.53,3.17,2025-09-11T04:33:27.659819Z
903,15521,"Valdez, Roberts and Lopez",created,GBP,11710.0,2342.0,14052.0,2025-09-11T04:33:27.628157Z
904,88901,Hunt-Morrison,paid,GBP,1247.87,249.57,1497.44,2025-09-11T04:33:27.616479Z
905,99663,Reed-Medina,confirmed,EUR,2673.51,534.7,3208.21,2025-09-11T04:33:27.621846Z
906,10155,Gamble-Harrington,invoiced,USD,31960.12,2237.21,34197.33,2025-09-11T04:33:27.680294Z
907,62798,Strong LLC,paid,EUR,21857.0,4371.4,26228.4,2025-09-11T04:33:27.652377Z
908,94741,Richard and Sons,confirmed,EUR,406.29,81.26,487.55,2025-09-11T04:33:27.687002Z
909,36995,"Sanders, Briggs and Young",invoiced,EUR,796.0,159.2,955.2,2025-09-11T04:33:27.608286Z
910,91769,"Hayes, Bowman and Mendez",invoiced,GBP,551.0,110.2,661.2,2025-09-11T04:33:27.635607Z
911,69935,Buck-Cline,created,EUR,1.93,0.39,2.32,2025-09-11T04:33:27.988090Z
912,78990,"Small, Collins and Castro",invoiced,GBP,198.29,39.66,237.95,2025-09-11T04:33:28.062623Z
913,22396,Woods Ltd,invoiced,EUR,0.24,0.05,0.29,2025-09-11T04:33:28.031898Z
914,17592,Pratt-Yang,paid,EUR,995.51,199.1,1194.61,2025-09-11T04:33:28.111442Z
915,32698,Robles-Webb,paid,GBP,3282.51,656.5,3939.01,2025-09-11T04:33:28.072374Z
916,99729,"Blanchard, Bird and Robles",paid,EUR,4654.33,930.87,5585.2,2025-09-11T04:33:28.104902Z
917,78539,"Blankenship, Farley and Williams",confirmed,EUR,4393.0,878.6,5271.6,2025-09-11T04:33:28.057549Z
918,93741,Espinoza-Thomas,invoiced,USD,7551.2,528.58,8079.78,2025-09-11T04:33:29.258960Z
919,98770,"Mclaughlin, Mitchell and Castro",confirmed,GBP,6766.0,1353.2,8119.2,2025-09-11T04:33:28.705849Z
920,89398,Russell-Hernandez,paid,EUR,15848.0,3169.6,19017.6,2025-09-11T04:33:28.692967Z
921,55516,Sullivan-Munoz,confirmed,GBP,3.44,0.69,4.13,2025-09-11T04:33:28.738132Z
922,16576,"Mcintosh, Bradshaw and Henry",invoiced,USD,261.09,18.28,279.37,2025-09-11T04:33:28.656058Z
923,72712,George PLC,paid,USD,1.77,0.12,1.89,2025-09-11T04:33:28.649826Z
924,84068,Ellis-Norris,confirmed,EUR,56729.88,11345.98,68075.86,2025-09-11T04:33:28.698842Z
925,22223,Spence Ltd,invoiced,GBP,3.37,0.67,4.04,2025-09-11T04:33:28.681412Z
926,94609,Nash-Shaffer,confirmed,USD,396.0,27.72,423.72,2025-09-11T04:33:28.684961Z
927,93292,Miller Inc,created,EUR,0.02,0.0,0.02,2025-09-11T04:33:28.689283Z
928,50051,Ryan-Frank,confirmed,GBP,6107.52,1221.5,7329.02,2025-09-11T04:33:28.661534Z
929,35340,"Jones, Floyd and Jacobson",paid,GBP,299.72,59.94,359.66,2025-09-11T04:33:28.715876Z
930,78121,Ruiz PLC,confirmed,USD,6392.32,447.46,6839.78,2025-09-11T04:33:28.894483Z
931,65572,Cohen-Duncan,paid,GBP,2565.84,513.17,3079.01,2025-09-11T04:33:28.955140Z
932,77728,Callahan Ltd,confirmed,USD,1.35,0.09,1.44,2025-09-11T04:33:28.959781Z
933,79356,"Thompson, Shaw and Stanley",confirmed,USD,37553.2,2628.72,40181.92,2025-09-11T04:33:28.985968Z
934,70478,Smith Inc,confirmed,EUR,10034.0,2006.8,12040.8,2025-09-11T04:33:32.136826Z
935,99870,"Chavez, Williams and Jackson",paid,EUR,61318.0,12263.6,73581.6,2025-09-11T04:33:32.187837Z
936,30288,Frederick-Johnson,created,EUR,146.25,29.25,175.5,2025-09-11T04:33:28.965914Z
937,80349,Welch PLC,confirmed,USD,37925.44,2654.78,40580.22,2025-09-11T04:33:29.666081Z
938,68860,Wood-Maldonado,invoiced,EUR,44503.0,8900.6,53403.6,2025-09-11T04:33:29.711363Z
939,22775,Robinson LLC,invoiced,EUR,2377.52,475.5,2853.02,2025-09-11T04:33:29.655622Z
940,57019,Smith-Sandoval,confirmed,GBP,3735.0,747.0,4482.0,2025-09-11T04:33:28.629853Z
941,56901,"Patel, Rodgers and Fleming",paid,GBP,1089.24,217.85,1307.09,2025-09-11T04:33:29.676354Z
942,61775,Dalton Ltd,confirmed,EUR,0.03,0.01,0.04,2025-09-11T04:33:29.693545Z
943,80971,Nichols and Sons,paid,USD,6549.04,458.43,7007.47,2025-09-11T04:33:29.683407Z
944,11542,Ellison-Medina,created,EUR,1.31,0.26,1.57,2025-09-11T04:33:29.699959Z
945,67064,Wolfe-Hogan,paid,GBP,16477.0,3295.4,19772.4,2025-09-11T04:33:28.607123Z
946,14410,"Wong, Dickson and Burns",invoiced,EUR,2178.2,435.64,2613.84,2025-09-11T04:33:28.623452Z
947,36084,"Hill, Kelly and Rodriguez",created,USD,581.55,40.71,622.26,2025-09-11T04:33:29.983100Z
948,78405,Townsend-Johnson,paid,USD,1188.0,83.16,1271.16,2025-09-11T04:33:30.001355Z
949,54065,"Richardson, Weiss and Adams",invoiced,EUR,812.12,162.42,974.54,2025-09-11T04:33:30.006419Z
950,37813,Steele Group,confirmed,EUR,2772.0,554.4,3326.4,2025-09-11T04:33:32.011544Z
951,33260,Carson-Scott,created,GBP,12446.15,2489.23,14935.38,2025-09-11T04:33:28.678004Z
952,25003,"Williams, Lopez and Martin",created,GBP,957.49,191.5,1148.99,2025-09-11T04:33:31.984420Z
953,10532,Hughes LLC,invoiced,GBP,986.72,197.34,1184.06,2025-09-11T04:33:30.038040Z
954,32665,"Brown, Dickerson and Graves",created,USD,929.27,65.05,994.32,2025-09-11T04:33:32.169843Z
955,97138,Gibson-Gilbert,confirmed,USD,11327.57,792.93,12120.5,2025-09-11T04:33:32.577431Z
956,99563,Hernandez-Rodgers,confirmed,USD,5.01,0.35,5.36,2025-09-11T04:33:32.535619Z
957,70636,Noble and Sons,created,EUR,11929.6,2385.92,14315.52,2025-09-11T04:33:32.553666Z
958,52309,"Mclean, Castillo and Reynolds",created,EUR,261.78,52.36,314.14,2025-09-11T04:33:32.548086Z
959,72236,Rodriguez Group,confirmed,EUR,3762.0,752.4,4514.4,2025-09-11T04:33:32.571568Z
960,60890,"Thompson, Small and Carter",created,EUR,4059.92,811.98,4871.9,2025-09-11T04:33:32.531067Z
961,93996,"Brown, Barnes and Stephens",invoiced,EUR,0.21,0.04,0.25,2025-09-11T04:33:29.445492Z
962,43190,"Pearson, Kim and Anderson",created,GBP,27965.0,5593.0,33558.0,2025-09-11T04:33:32.610736Z
963,80716,Lewis-Preston,paid,USD,0.24,0.02,0.26,2025-09-11T04:33:29.489434Z
964,76125,Hawkins-Donovan,invoiced,EUR,1451.76,290.35,1742.11,2025-09-11T04:33:28.565139Z
965,40145,Morris-Holt,confirmed,USD,16734.9,1171.44,17906.34,2025-09-11T04:33:28.641059Z
966,14330,Barrett-Freeman,confirmed,USD,0.53,0.04,0.57,2025-09-11T04:33:28.574906Z
967,78948,Lewis Group,confirmed,USD,15587.64,1091.13,16678.77,2025-09-11T04:33:28.635632Z
968,22863,Hampton-Andrews,created,EUR,8144.26,1628.85,9773.11,2025-09-11T04:33:28.570293Z
969,59538,"Cuevas, Davis and Stark",invoiced,USD,725.57,50.79,776.36,2025-09-11T04:33:28.656458Z
970,47472,"Rodriguez, Davis and Hansen",invoiced,EUR,38352.64,7670.53,46023.17,2025-09-11T04:33:28.994124Z
971,44483,Archer Ltd,paid,GBP,1.44,0.29,1.73,2025-09-11T04:33:30.266497Z
972,25740,"Russell, James and Villarreal",invoiced,GBP,28764.0,5752.8,34516.8,2025-09-11T04:33:31.443258Z
973,30341,"Williams, Barnes and Baker",confirmed,EUR,1.06,0.21,1.27,2025-09-11T04:33:29.082946Z
974,53173,"Guzman, Salazar and Steele",invoiced,GBP,4.18,0.84,5.02,2025-09-11T04:33:29.118651Z
975,74849,"Horton, Newman and Hoffman",confirmed,EUR,2574.55,514.91,3089.46,2025-09-11T04:33:29.076888Z
976,53466,"Cohen, Richard and Brown",paid,USD,5488.0,384.16,5872.16,2025-09-11T04:33:30.302129Z
977,92623,Schneider LLC,confirmed,EUR,1048.24,209.65,1257.89,2025-09-11T04:33:29.050176Z
978,87451,Chang Group,created,GBP,0.91,0.18,1.09,2025-09-11T04:33:29.040614Z
979,71360,Tyler Inc,invoiced,GBP,6140.96,1228.19,7369.15,2025-09-11T04:33:29.095122Z
980,65976,Irwin-Thompson,created,USD,1636.0,114.52,1750.52,2025-09-11T04:33:30.334445Z
981,38757,Taylor LLC,invoiced,GBP,406.0,81.2,487.2,2025-09-11T04:33:29.311540Z
982,76174,Roberson Inc,paid,USD,8018.0,561.26,8579.26,2025-09-11T04:33:29.309082Z
983,96893,"Blake, Bennett and Tran",paid,EUR,25568.02,5113.6,30681.62,2025-09-11T04:33:30.537189Z
984,92392,Kennedy Inc,created,EUR,34728.0,6945.6,41673.6,2025-09-11T04:33:29.441974Z
985,53364,Richardson Group,confirmed,EUR,9355.0,1871.0,11226.0,2025-09-11T04:33:29.397424Z
986,25837,Cox Inc,paid,EUR,203.23,40.65,243.88,2025-09-11T04:33:29.481438Z
987,79829,"Mack, Moreno and Brown",confirmed,GBP,2.46,0.49,2.95,2025-09-11T04:33:29.493497Z
988,49821,"Rodriguez, Garcia and Miller",invoiced,EUR,47307.0,9461.4,56768.4,2025-09-11T04:33:29.534414Z
989,20789,Evans Ltd,paid,GBP,9556.0,1911.2,11467.2,2025-09-11T04:33:30.802983Z
990,75778,Barber LLC,created,GBP,1133.96,226.79,1360.75,2025-09-11T04:33:29.596713Z
991,29305,Rios-Roberts,invoiced,USD,2178.0,152.46,2330.46,2025-09-11T04:33:29.927135Z
992,36059,Lindsey-Smith,confirmed,USD,0.02,0.0,0.02,2025-09-11T04:33:29.964956Z
993,18059,Thomas LLC,created,EUR,4378.0,875.6,5253.6,2025-09-11T04:33:29.931638Z
994,26653,"Parsons, James and Valdez",confirmed,USD,721.29,50.49,771.78,2025-09-11T04:33:31.184962Z
995,33827,Gill-Lambert,paid,USD,50705.0,3549.35,54254.35,2025-09-11T04:33:29.922830Z
996,68167,Werner-Garcia,confirmed,GBP,21573.27,4314.65,25887.92,2025-09-11T04:33:29.918586Z
997,71040,Evans-Thompson,invoiced,EUR,0.3,0.06,0.36,2025-09-11T04:33:30.209643Z
998,31605,Crane-Patel,paid,EUR,5373.8,1074.76,6448.56,2025-09-11T04:33:34.866282Z
999,98972,Mosley PLC,created,USD,3564.0,249.48,3813.48,2025-09-11T04:33:30.221244Z
1000,66226,"Hodges, Long and Brown",created,USD,27965.0,1957.55,29922.55,2025-09-11T04:33:30.181368Z
